bin_id	chrom	start	end	mid_bp	position_cM
bin_00001	Chr01	1	700000	350000	0.0
bin_00002	Chr01	700000	800000	750000	0.0805
bin_00003	Chr01	800000	900000	850000	0.3221
bin_00004	Chr01	900000	1000000	950000	0.7246
bin_00005	Chr01	1000000	1100000	1050000	1.0467
bin_00006	Chr01	1100000	1200000	1150000	1.7713
bin_00007	Chr01	1200000	1300000	1250000	2.1739
bin_00008	Chr01	1300000	1400000	1350000	3.1401
bin_00009	Chr01	1400000	1500000	1450000	4.0258
bin_00010	Chr01	1500000	1600000	1550000	5.3945
bin_00011	Chr01	1600000	1700000	1650000	5.8776
bin_00012	Chr01	1700000	1800000	1750000	6.1997
bin_00013	Chr01	1800000	1900000	1850000	6.5217
bin_00014	Chr01	1900000	2000000	1950000	7.0853
bin_00015	Chr01	2000000	2100000	2050000	8.5346
bin_00016	Chr01	2100000	2200000	2150000	9.2593
bin_00017	Chr01	2200000	2300000	2250000	10.2254
bin_00018	Chr01	2300000	2400000	2350000	11.1111
bin_00019	Chr01	2400000	2500000	2450000	12.1578
bin_00020	Chr01	2500000	2600000	2550000	13.6876
bin_00021	Chr01	2600000	2700000	2650000	14.6538
bin_00022	Chr01	2700000	2800000	2750000	15.1369
bin_00023	Chr01	2800000	2900000	2850000	16.3446
bin_00024	Chr01	2900000	3000000	2950000	17.4718
bin_00025	Chr01	3000000	3100000	3050000	18.438
bin_00026	Chr01	3100000	3200000	3150000	19.6457
bin_00027	Chr01	3200000	3300000	3250000	21.7391
bin_00028	Chr01	3300000	3400000	3350000	22.5443
bin_00029	Chr01	3400000	3500000	3450000	23.5105
bin_00030	Chr01	3500000	3600000	3550000	24.5572
bin_00031	Chr01	3600000	3700000	3650000	25.6039
bin_00032	Chr01	3700000	3800000	3750000	26.6506
bin_00033	Chr01	3800000	3900000	3850000	28.5024
bin_00034	Chr01	3900000	4000000	3950000	29.4686
bin_00035	Chr01	4000000	4100000	4050000	30.8374
bin_00036	Chr01	4100000	4200000	4150000	32.5282
bin_00037	Chr01	4200000	4300000	4250000	33.5749
bin_00038	Chr01	4300000	4400000	4350000	34.5411
bin_00039	Chr01	4400000	4500000	4450000	36.2319
bin_00040	Chr01	4500000	4600000	4550000	38.4058
bin_00041	Chr01	4600000	4700000	4650000	39.372
bin_00042	Chr01	4700000	4800000	4750000	40.2576
bin_00043	Chr01	4800000	4900000	4850000	40.4992
bin_00044	Chr01	4900000	5000000	4950000	41.7874
bin_00045	Chr01	5000000	5100000	5050000	43.0757
bin_00046	Chr01	5100000	5200000	5150000	45.1691
bin_00047	Chr01	5200000	5300000	5250000	45.9742
bin_00048	Chr01	5300000	5400000	5350000	46.4573
bin_00049	Chr01	5400000	5500000	5450000	47.4235
bin_00050	Chr01	5500000	5600000	5550000	47.9066
bin_00051	Chr01	5600000	5700000	5650000	48.3897
bin_00052	Chr01	5700000	5800000	5750000	48.7923
bin_00053	Chr01	5800000	5900000	5850000	49.3559
bin_00054	Chr01	5900000	6100000	6000000	49.7585
bin_00055	Chr01	6100000	6200000	6150000	50.5636
bin_00056	Chr01	6200000	6300000	6250000	51.1272
bin_00057	Chr01	6300000	6400000	6350000	51.6103
bin_00058	Chr01	6400000	6500000	6450000	51.9324
bin_00059	Chr01	6500000	7000000	6750000	52.0129
bin_00060	Chr01	7000000	7300000	7150000	52.0934
bin_00061	Chr01	7300000	7400000	7350000	52.3349
bin_00062	Chr01	7400000	7600000	7500000	52.5765
bin_00063	Chr01	7600000	7700000	7650000	53.4622
bin_00064	Chr01	7700000	7800000	7750000	53.5427
bin_00065	Chr01	7800000	7900000	7850000	53.8647
bin_00066	Chr01	7900000	8000000	7950000	54.2673
bin_00067	Chr01	8000000	8100000	8050000	54.6699
bin_00068	Chr01	8100000	8200000	8150000	54.7504
bin_00069	Chr01	8200000	8300000	8250000	54.9919
bin_00070	Chr01	8300000	8500000	8400000	55.0725
bin_00071	Chr01	8500000	8600000	8550000	55.314
bin_00072	Chr01	8600000	8700000	8650000	55.3945
bin_00073	Chr01	8700000	8800000	8750000	55.475
bin_00074	Chr01	8800000	9000000	8900000	55.6361
bin_00075	Chr01	9000000	9100000	9050000	56.0386
bin_00076	Chr01	9100000	9200000	9150000	56.2802
bin_00077	Chr01	9200000	9300000	9250000	56.4412
bin_00078	Chr01	9300000	9400000	9350000	56.5217
bin_00079	Chr01	9400000	9500000	9450000	56.7633
bin_00080	Chr01	9500000	9600000	9550000	56.8438
bin_00081	Chr01	9600000	9700000	9650000	57.0048
bin_00082	Chr01	9700000	9800000	9750000	57.0853
bin_00083	Chr01	9800000	10000000	9900000	57.3269
bin_00084	Chr01	10000000	10200000	10100000	57.4074
bin_00085	Chr01	10200000	10900000	10550000	57.5684
bin_00086	Chr01	10900000	11200000	11050000	57.649
bin_00087	Chr01	11200000	11400000	11300000	57.7295
bin_00088	Chr01	11400000	11600000	11500000	57.81
bin_00089	Chr01	11600000	11800000	11700000	57.8905
bin_00090	Chr01	11800000	12000000	11900000	57.971
bin_00091	Chr01	12000000	12600000	12300000	58.132
bin_00092	Chr01	12600000	12700000	12650000	58.2126
bin_00093	Chr01	12700000	12800000	12750000	58.6151
bin_00094	Chr01	12800000	12900000	12850000	58.6957
bin_00095	Chr01	12900000	13100000	13000000	58.7762
bin_00096	Chr01	13100000	14200000	13650000	58.8567
bin_00097	Chr01	14200000	14500000	14350000	58.9372
bin_00098	Chr01	14500000	15200000	14850000	59.0177
bin_00099	Chr01	15200000	15400000	15300000	59.0982
bin_00100	Chr01	15400000	15900000	15650000	59.2593
bin_00101	Chr01	15900000	17000000	16450000	59.3398
bin_00102	Chr01	17000000	18500000	17750000	59.4203
bin_00103	Chr01	18500000	19000000	18750000	59.5813
bin_00104	Chr01	19000000	25900000	22450000	59.6618
bin_00105	Chr01	25900000	28200000	27050000	59.7424
bin_00106	Chr01	28200000	28300000	28250000	59.8229
bin_00107	Chr01	28300000	28400000	28350000	59.9034
bin_00108	Chr01	28400000	28700000	28550000	60.0644
bin_00109	Chr01	28700000	28800000	28750000	60.789
bin_00110	Chr01	28800000	28900000	28850000	60.8696
bin_00111	Chr01	28900000	29400000	29150000	61.1111
bin_00112	Chr01	29400000	29600000	29500000	61.1916
bin_00113	Chr01	29600000	29900000	29750000	61.2721
bin_00114	Chr01	29900000	30400000	30150000	61.3527
bin_00115	Chr01	30400000	30500000	30450000	61.4332
bin_00116	Chr01	30500000	30800000	30650000	61.5137
bin_00117	Chr01	30800000	30900000	30850000	61.5942
bin_00118	Chr01	30900000	31000000	30950000	61.6747
bin_00119	Chr01	31000000	31200000	31100000	61.7552
bin_00120	Chr01	31200000	31800000	31500000	61.8357
bin_00121	Chr01	31800000	32200000	32000000	61.9163
bin_00122	Chr01	32200000	34700000	33450000	61.9968
bin_00123	Chr01	34700000	35100000	34900000	62.0773
bin_00124	Chr01	35100000	35600000	35350000	62.2383
bin_00125	Chr01	35600000	35800000	35700000	62.3188
bin_00126	Chr01	35800000	36000000	35900000	62.3994
bin_00127	Chr01	36000000	36500000	36250000	62.4799
bin_00128	Chr01	36500000	37300000	36900000	62.5604
bin_00129	Chr01	37300000	37600000	37450000	62.6409
bin_00130	Chr01	37600000	37800000	37700000	62.8824
bin_00131	Chr01	37800000	38000000	37900000	62.963
bin_00132	Chr01	38000000	38400000	38200000	63.124
bin_00133	Chr01	38400000	38900000	38650000	63.2045
bin_00134	Chr01	38900000	39000000	38950000	63.285
bin_00135	Chr01	39000000	39200000	39100000	63.6071
bin_00136	Chr01	39200000	39300000	39250000	63.7681
bin_00137	Chr01	39300000	39500000	39400000	64.3317
bin_00138	Chr01	39500000	39600000	39550000	64.4122
bin_00139	Chr01	39600000	39800000	39700000	64.4928
bin_00140	Chr01	39800000	39900000	39850000	64.5733
bin_00141	Chr01	39900000	40000000	39950000	64.7343
bin_00142	Chr01	40000000	40600000	40300000	64.8953
bin_00143	Chr01	40600000	41900000	41250000	64.9758
bin_00144	Chr01	41900000	42000000	41950000	65.0564
bin_00145	Chr01	42000000	42100000	42050000	65.1369
bin_00146	Chr01	42100000	42500000	42300000	65.2174
bin_00147	Chr01	42500000	42800000	42650000	65.2979
bin_00148	Chr01	42800000	43000000	42900000	65.3784
bin_00149	Chr01	43000000	43100000	43050000	65.4589
bin_00150	Chr01	43100000	43300000	43200000	65.5395
bin_00151	Chr01	43300000	43500000	43400000	65.62
bin_00152	Chr01	43500000	43600000	43550000	65.7005
bin_00153	Chr01	43600000	43900000	43750000	65.781
bin_00154	Chr01	43900000	44300000	44100000	65.942
bin_00155	Chr01	44300000	44900000	44600000	66.0225
bin_00156	Chr01	44900000	45000000	44950000	66.1031
bin_00157	Chr01	45000000	45400000	45200000	66.1836
bin_00158	Chr01	45400000	45500000	45450000	66.2641
bin_00159	Chr01	45500000	45900000	45700000	66.3446
bin_00160	Chr01	45900000	46100000	46000000	66.5056
bin_00161	Chr01	46100000	46200000	46150000	66.6667
bin_00162	Chr01	46200000	46300000	46250000	66.8277
bin_00163	Chr01	46300000	46400000	46350000	67.1498
bin_00164	Chr01	46400000	46500000	46450000	67.7939
bin_00165	Chr01	46500000	46600000	46550000	68.0354
bin_00166	Chr01	46600000	46700000	46650000	68.7601
bin_00167	Chr01	46700000	46900000	46800000	68.9211
bin_00168	Chr01	46900000	47100000	47000000	69.0821
bin_00169	Chr01	47100000	47200000	47150000	69.5652
bin_00170	Chr01	47200000	47300000	47250000	69.8068
bin_00171	Chr01	47300000	47400000	47350000	69.8873
bin_00172	Chr01	47400000	47600000	47500000	70.3704
bin_00173	Chr01	47600000	47700000	47650000	70.4509
bin_00174	Chr01	47700000	47800000	47750000	70.5314
bin_00175	Chr01	47800000	47900000	47850000	70.7729
bin_00176	Chr01	47900000	48100000	48000000	71.095
bin_00177	Chr01	48100000	48200000	48150000	71.1755
bin_00178	Chr01	48200000	48300000	48250000	71.3366
bin_00179	Chr01	48300000	48600000	48450000	71.4171
bin_00180	Chr01	48600000	48700000	48650000	71.5781
bin_00181	Chr01	48700000	48900000	48800000	71.6586
bin_00182	Chr01	48900000	49000000	48950000	71.7391
bin_00183	Chr01	49000000	49100000	49050000	71.8196
bin_00184	Chr01	49100000	49200000	49150000	72.0612
bin_00185	Chr01	49200000	49400000	49300000	72.3027
bin_00186	Chr01	49400000	49500000	49450000	72.4638
bin_00187	Chr01	49500000	49600000	49550000	72.6248
bin_00188	Chr01	49600000	49700000	49650000	72.7858
bin_00189	Chr01	49700000	49800000	49750000	73.1884
bin_00190	Chr01	49800000	49900000	49850000	73.5105
bin_00191	Chr01	49900000	50000000	49950000	73.752
bin_00192	Chr01	50000000	50100000	50050000	73.8325
bin_00193	Chr01	50100000	50200000	50150000	74.0741
bin_00194	Chr01	50200000	50300000	50250000	74.2351
bin_00195	Chr01	50300000	50400000	50350000	74.4767
bin_00196	Chr01	50400000	50500000	50450000	74.6377
bin_00197	Chr01	50500000	50600000	50550000	74.9597
bin_00198	Chr01	50600000	50700000	50650000	75.1208
bin_00199	Chr01	50700000	50900000	50800000	75.9259
bin_00200	Chr01	50900000	51000000	50950000	76.409
bin_00201	Chr01	51000000	51100000	51050000	77.2947
bin_00202	Chr01	51100000	51200000	51150000	78.0193
bin_00203	Chr01	51200000	51300000	51250000	79.1465
bin_00204	Chr01	51300000	51400000	51350000	79.9517
bin_00205	Chr01	51400000	51500000	51450000	80.4348
bin_00206	Chr01	51500000	51600000	51550000	81.0789
bin_00207	Chr01	51600000	51700000	51650000	81.6425
bin_00208	Chr01	51700000	51800000	51750000	82.2866
bin_00209	Chr01	51800000	51900000	51850000	82.4477
bin_00210	Chr01	51900000	52000000	51950000	82.6892
bin_00211	Chr01	52000000	52100000	52050000	83.2528
bin_00212	Chr01	52100000	52200000	52150000	86.4734
bin_00213	Chr01	52200000	52300000	52250000	88.2448
bin_00214	Chr01	52300000	52400000	52350000	88.4058
bin_00215	Chr01	52400000	52500000	52450000	88.8084
bin_00216	Chr01	52500000	52600000	52550000	90.1771
bin_00217	Chr01	52600000	52700000	52650000	92.1095
bin_00218	Chr01	52700000	52800000	52750000	93.1562
bin_00219	Chr01	52800000	52900000	52850000	94.847
bin_00220	Chr01	52900000	53000000	52950000	95.8132
bin_00221	Chr01	53000000	53100000	53050000	97.5845
bin_00222	Chr01	53100000	53200000	53150000	98.6312
bin_00223	Chr01	53200000	53300000	53250000	100.5636
bin_00224	Chr01	53300000	53400000	53350000	101.2882
bin_00225	Chr01	53400000	53500000	53450000	102.496
bin_00226	Chr01	53500000	53600000	53550000	103.6232
bin_00227	Chr01	53600000	53700000	53650000	104.7504
bin_00228	Chr01	53700000	53800000	53750000	105.7971
bin_00229	Chr01	53800000	53900000	53850000	106.7633
bin_00230	Chr01	53900000	54000000	53950000	108.0515
bin_00231	Chr01	54000000	54100000	54050000	109.4203
bin_00232	Chr01	54100000	54200000	54150000	110.5475
bin_00233	Chr01	54200000	54300000	54250000	110.789
bin_00234	Chr01	54300000	54400000	54350000	111.1111
bin_00235	Chr01	54400000	54500000	54450000	112.3188
bin_00236	Chr01	54500000	54600000	54550000	113.3655
bin_00237	Chr01	54600000	54700000	54650000	114.8953
bin_00238	Chr01	54700000	54800000	54750000	115.781
bin_00239	Chr01	54800000	54900000	54850000	116.4251
bin_00240	Chr01	54900000	55000000	54950000	117.1498
bin_00241	Chr01	55000000	55100000	55050000	117.3913
bin_00242	Chr01	55100000	55200000	55150000	118.0354
bin_00243	Chr01	55200000	55300000	55250000	119.0016
bin_00244	Chr01	55300000	55400000	55350000	119.4042
bin_00245	Chr01	55400000	55500000	55450000	120.2093
bin_00246	Chr01	55500000	55600000	55550000	121.3366
bin_00247	Chr01	55600000	55700000	55650000	122.2222
bin_00248	Chr01	55700000	55800000	55750000	122.6248
bin_00249	Chr01	55800000	55900000	55850000	123.43
bin_00250	Chr01	55900000	56000000	55950000	124.1546
bin_00251	Chr01	56000000	56100000	56050000	124.7987
bin_00252	Chr01	56100000	56200000	56150000	125.8454
bin_00253	Chr01	56200000	56300000	56250000	126.409
bin_00254	Chr01	56300000	56400000	56350000	126.57
bin_00255	Chr01	56400000	56500000	56450000	127.6167
bin_00256	Chr01	56500000	56600000	56550000	127.9388
bin_00257	Chr01	56600000	56700000	56650000	128.905
bin_00258	Chr01	56700000	56800000	56750000	129.4686
bin_00259	Chr01	56800000	56900000	56850000	129.7101
bin_00260	Chr01	56900000	57000000	56950000	129.9517
bin_00261	Chr01	57000000	57100000	57050000	130.6763
bin_00262	Chr01	57100000	57200000	57150000	130.9179
bin_00263	Chr01	57200000	57300000	57250000	131.401
bin_00264	Chr01	57300000	57400000	57350000	131.9646
bin_00265	Chr01	57400000	57500000	57450000	132.3671
bin_00266	Chr01	57500000	57600000	57550000	132.9308
bin_00267	Chr01	57600000	57700000	57650000	133.2528
bin_00268	Chr01	57700000	57800000	57750000	133.6554
bin_00269	Chr01	57800000	57900000	57850000	134.4605
bin_00270	Chr01	57900000	58000000	57950000	135.0242
bin_00271	Chr01	58000000	58100000	58050000	135.3462
bin_00272	Chr01	58100000	58200000	58150000	135.5878
bin_00273	Chr01	58200000	58300000	58250000	136.3124
bin_00274	Chr01	58300000	58400000	58350000	136.5539
bin_00275	Chr01	58400000	58500000	58450000	136.7955
bin_00276	Chr01	58500000	58600000	58550000	137.3591
bin_00277	Chr01	58600000	58700000	58650000	137.6812
bin_00278	Chr01	58700000	58800000	58750000	138.0837
bin_00279	Chr01	58800000	58900000	58850000	138.7279
bin_00280	Chr01	58900000	59000000	58950000	139.372
bin_00281	Chr01	59000000	59100000	59050000	139.8551
bin_00282	Chr01	59100000	59200000	59150000	140.9823
bin_00283	Chr02	1	500000	250000	0.0
bin_00284	Chr02	500000	600000	550000	0.6441
bin_00285	Chr02	600000	700000	650000	1.2882
bin_00286	Chr02	700000	800000	750000	1.5298
bin_00287	Chr02	800000	900000	850000	1.8519
bin_00288	Chr02	900000	1000000	950000	2.1739
bin_00289	Chr02	1000000	1100000	1050000	3.2206
bin_00290	Chr02	1100000	1200000	1150000	3.6232
bin_00291	Chr02	1200000	1300000	1250000	3.7037
bin_00292	Chr02	1300000	1400000	1350000	4.2673
bin_00293	Chr02	1400000	1500000	1450000	4.9114
bin_00294	Chr02	1500000	1600000	1550000	5.3945
bin_00295	Chr02	1600000	1700000	1650000	6.6023
bin_00296	Chr02	1700000	1800000	1750000	6.9243
bin_00297	Chr02	1800000	1900000	1850000	7.3269
bin_00298	Chr02	1900000	2000000	1950000	7.971
bin_00299	Chr02	2000000	2100000	2050000	8.7762
bin_00300	Chr02	2100000	2200000	2150000	8.9372
bin_00301	Chr02	2200000	2300000	2250000	9.5008
bin_00302	Chr02	2300000	2400000	2350000	10.2254
bin_00303	Chr02	2400000	2500000	2450000	10.5475
bin_00304	Chr02	2500000	2700000	2600000	11.0306
bin_00305	Chr02	2700000	2800000	2750000	11.4332
bin_00306	Chr02	2800000	2900000	2850000	11.9968
bin_00307	Chr02	2900000	3000000	2950000	12.3188
bin_00308	Chr02	3000000	3100000	3050000	12.7214
bin_00309	Chr02	3100000	3200000	3150000	13.3655
bin_00310	Chr02	3200000	3300000	3250000	14.1707
bin_00311	Chr02	3300000	3400000	3350000	15.5395
bin_00312	Chr02	3400000	3500000	3450000	16.1836
bin_00313	Chr02	3500000	3600000	3550000	16.5862
bin_00314	Chr02	3600000	3700000	3650000	17.4718
bin_00315	Chr02	3700000	3800000	3750000	18.438
bin_00316	Chr02	3800000	3900000	3850000	19.8068
bin_00317	Chr02	3900000	4000000	3950000	20.2093
bin_00318	Chr02	4000000	4100000	4050000	20.7729
bin_00319	Chr02	4100000	4200000	4150000	22.1417
bin_00320	Chr02	4200000	4300000	4250000	23.1884
bin_00321	Chr02	4300000	4400000	4350000	23.8325
bin_00322	Chr02	4400000	4500000	4450000	24.1546
bin_00323	Chr02	4500000	4600000	4550000	24.7987
bin_00324	Chr02	4600000	4700000	4650000	26.4895
bin_00325	Chr02	4700000	4800000	4750000	27.2947
bin_00326	Chr02	4800000	4900000	4850000	28.1804
bin_00327	Chr02	4900000	5000000	4950000	29.3881
bin_00328	Chr02	5000000	5100000	5050000	30.3543
bin_00329	Chr02	5100000	5200000	5150000	31.0789
bin_00330	Chr02	5200000	5300000	5250000	31.8035
bin_00331	Chr02	5300000	5400000	5350000	32.2061
bin_00332	Chr02	5400000	5500000	5450000	32.3671
bin_00333	Chr02	5500000	5600000	5550000	33.4944
bin_00334	Chr02	5600000	5700000	5650000	35.0242
bin_00335	Chr02	5700000	5800000	5750000	35.6683
bin_00336	Chr02	5800000	5900000	5850000	36.1514
bin_00337	Chr02	5900000	6000000	5950000	36.7955
bin_00338	Chr02	6000000	6100000	6050000	37.037
bin_00339	Chr02	6100000	6200000	6150000	37.8422
bin_00340	Chr02	6200000	6300000	6250000	38.1643
bin_00341	Chr02	6300000	6400000	6350000	38.5668
bin_00342	Chr02	6400000	6500000	6450000	39.1304
bin_00343	Chr02	6500000	6600000	6550000	39.694
bin_00344	Chr02	6600000	6700000	6650000	40.2576
bin_00345	Chr02	6700000	6800000	6750000	41.0628
bin_00346	Chr02	6800000	6900000	6850000	41.5459
bin_00347	Chr02	6900000	7000000	6950000	42.2705
bin_00348	Chr02	7000000	7100000	7050000	43.1562
bin_00349	Chr02	7100000	7200000	7150000	43.8808
bin_00350	Chr02	7200000	7300000	7250000	44.1224
bin_00351	Chr02	7300000	7400000	7350000	45.0886
bin_00352	Chr02	7400000	7500000	7450000	45.8132
bin_00353	Chr02	7500000	7600000	7550000	46.6989
bin_00354	Chr02	7600000	7700000	7650000	46.7794
bin_00355	Chr02	7700000	7800000	7750000	47.5845
bin_00356	Chr02	7800000	7900000	7850000	47.6651
bin_00357	Chr02	7900000	8000000	7950000	47.8261
bin_00358	Chr02	8000000	8100000	8050000	48.1481
bin_00359	Chr02	8100000	8200000	8150000	48.6312
bin_00360	Chr02	8200000	8300000	8250000	48.9533
bin_00361	Chr02	8300000	8400000	8350000	49.1143
bin_00362	Chr02	8400000	8500000	8450000	49.5974
bin_00363	Chr02	8500000	8600000	8550000	50.3221
bin_00364	Chr02	8600000	8700000	8650000	50.6441
bin_00365	Chr02	8700000	8800000	8750000	51.1272
bin_00366	Chr02	8800000	8900000	8850000	52.3349
bin_00367	Chr02	8900000	9000000	8950000	52.8986
bin_00368	Chr02	9000000	9100000	9050000	52.9791
bin_00369	Chr02	9100000	9200000	9150000	53.0596
bin_00370	Chr02	9200000	9300000	9250000	53.2206
bin_00371	Chr02	9300000	9400000	9350000	53.4622
bin_00372	Chr02	9400000	9500000	9450000	54.0258
bin_00373	Chr02	9500000	9600000	9550000	54.4283
bin_00374	Chr02	9600000	9700000	9650000	54.5089
bin_00375	Chr02	9700000	9800000	9750000	55.5556
bin_00376	Chr02	9800000	9900000	9850000	55.7971
bin_00377	Chr02	9900000	10000000	9950000	56.6828
bin_00378	Chr02	10000000	10100000	10050000	57.2464
bin_00379	Chr02	10100000	10200000	10150000	58.2126
bin_00380	Chr02	10200000	10300000	10250000	59.1787
bin_00381	Chr02	10300000	10400000	10350000	59.9034
bin_00382	Chr02	10400000	10500000	10450000	60.5475
bin_00383	Chr02	10500000	10600000	10550000	61.1111
bin_00384	Chr02	10600000	10700000	10650000	61.2721
bin_00385	Chr02	10700000	10800000	10750000	61.4332
bin_00386	Chr02	10800000	10900000	10850000	61.5942
bin_00387	Chr02	10900000	11000000	10950000	62.3188
bin_00388	Chr02	11000000	11100000	11050000	63.0435
bin_00389	Chr02	11100000	11200000	11150000	63.6876
bin_00390	Chr02	11200000	11300000	11250000	64.0097
bin_00391	Chr02	11300000	11400000	11350000	64.8148
bin_00392	Chr02	11400000	11500000	11450000	65.62
bin_00393	Chr02	11500000	11600000	11550000	66.5056
bin_00394	Chr02	11600000	11700000	11650000	67.1498
bin_00395	Chr02	11700000	11800000	11750000	68.1159
bin_00396	Chr02	11800000	11900000	11850000	69.0016
bin_00397	Chr02	11900000	12000000	11950000	69.9678
bin_00398	Chr02	12000000	12100000	12050000	70.1288
bin_00399	Chr02	12100000	12200000	12150000	70.3704
bin_00400	Chr02	12200000	12300000	12250000	71.0145
bin_00401	Chr02	12300000	12400000	12350000	71.9002
bin_00402	Chr02	12400000	12500000	12450000	73.1884
bin_00403	Chr02	12500000	12600000	12550000	74.0741
bin_00404	Chr02	12600000	12700000	12650000	74.3961
bin_00405	Chr02	12700000	12900000	12800000	74.4767
bin_00406	Chr02	12900000	13000000	12950000	75.6039
bin_00407	Chr02	13000000	13100000	13050000	75.8454
bin_00408	Chr02	13100000	13200000	13150000	76.0064
bin_00409	Chr02	13200000	13300000	13250000	76.1675
bin_00410	Chr02	13300000	13400000	13350000	76.248
bin_00411	Chr02	13400000	13600000	13500000	76.57
bin_00412	Chr02	13600000	13700000	13650000	76.8116
bin_00413	Chr02	13700000	13800000	13750000	77.2142
bin_00414	Chr02	13800000	13900000	13850000	77.7778
bin_00415	Chr02	13900000	14000000	13950000	78.744
bin_00416	Chr02	14000000	14100000	14050000	79.9517
bin_00417	Chr02	14100000	14200000	14150000	80.8374
bin_00418	Chr02	14200000	14300000	14250000	82.0451
bin_00419	Chr02	14300000	14400000	14350000	82.6087
bin_00420	Chr02	14400000	14500000	14450000	83.8164
bin_00421	Chr02	14500000	14600000	14550000	84.6216
bin_00422	Chr02	14600000	14700000	14650000	85.1852
bin_00423	Chr02	14700000	14800000	14750000	85.8293
bin_00424	Chr02	14800000	14900000	14850000	86.876
bin_00425	Chr02	14900000	15000000	14950000	87.9227
bin_00426	Chr02	15000000	15100000	15050000	88.8889
bin_00427	Chr02	15100000	15200000	15150000	90.2576
bin_00428	Chr02	15200000	15300000	15250000	92.19
bin_00429	Chr02	15300000	15400000	15350000	93.4783
bin_00430	Chr02	15400000	15500000	15450000	95.1691
bin_00431	Chr02	15500000	15600000	15550000	97.1014
bin_00432	Chr02	15600000	15700000	15650000	99.3559
bin_00433	Chr02	15700000	15800000	15750000	101.2077
bin_00434	Chr02	15800000	15900000	15850000	102.4155
bin_00435	Chr02	15900000	16000000	15950000	102.5765
bin_00436	Chr02	16000000	16100000	16050000	102.818
bin_00437	Chr02	16100000	16200000	16150000	102.8986
bin_00438	Chr02	16200000	16400000	16300000	102.9791
bin_00439	Chr02	16400000	16500000	16450000	103.0596
bin_00440	Chr02	16500000	16600000	16550000	103.1401
bin_00441	Chr02	16600000	16700000	16650000	103.3011
bin_00442	Chr02	16700000	17000000	16850000	103.3816
bin_00443	Chr02	17000000	17100000	17050000	103.5427
bin_00444	Chr02	17100000	17400000	17250000	103.7037
bin_00445	Chr02	17400000	17700000	17550000	103.7842
bin_00446	Chr02	17700000	17900000	17800000	103.8647
bin_00447	Chr02	17900000	18000000	17950000	103.9452
bin_00448	Chr02	18000000	18200000	18100000	104.0258
bin_00449	Chr02	18200000	18600000	18400000	104.1063
bin_00450	Chr02	18600000	18800000	18700000	104.1868
bin_00451	Chr02	18800000	19200000	19000000	104.3478
bin_00452	Chr02	19200000	20400000	19800000	104.4283
bin_00453	Chr02	20400000	20500000	20450000	104.7504
bin_00454	Chr02	20500000	20600000	20550000	105.153
bin_00455	Chr02	20600000	20700000	20650000	105.2335
bin_00456	Chr02	20700000	20800000	20750000	105.314
bin_00457	Chr02	20800000	20900000	20850000	105.3945
bin_00458	Chr02	20900000	21000000	20950000	105.5556
bin_00459	Chr02	21000000	21100000	21050000	105.6361
bin_00460	Chr02	21100000	21400000	21250000	105.7971
bin_00461	Chr02	21400000	21500000	21450000	105.8776
bin_00462	Chr02	21500000	21600000	21550000	106.0386
bin_00463	Chr02	21600000	21900000	21750000	106.3607
bin_00464	Chr02	21900000	22000000	21950000	106.4412
bin_00465	Chr02	22000000	23200000	22600000	106.6828
bin_00466	Chr02	23200000	28700000	25950000	106.7633
bin_00467	Chr02	28700000	29400000	29050000	106.8438
bin_00468	Chr02	29400000	29500000	29450000	106.9243
bin_00469	Chr02	29500000	29800000	29650000	107.0853
bin_00470	Chr02	29800000	30100000	29950000	107.2464
bin_00471	Chr02	30100000	30300000	30200000	107.3269
bin_00472	Chr02	30300000	31000000	30650000	107.4879
bin_00473	Chr02	31000000	31100000	31050000	107.5684
bin_00474	Chr02	31100000	31600000	31350000	107.7295
bin_00475	Chr02	31600000	32400000	32000000	107.81
bin_00476	Chr02	32400000	32600000	32500000	107.8905
bin_00477	Chr02	32600000	33000000	32800000	107.971
bin_00478	Chr02	33000000	34200000	33600000	108.0515
bin_00479	Chr02	34200000	34400000	34300000	108.132
bin_00480	Chr02	34400000	34500000	34450000	108.2126
bin_00481	Chr02	34500000	34600000	34550000	108.2931
bin_00482	Chr02	34600000	34700000	34650000	108.3736
bin_00483	Chr02	34700000	34800000	34750000	108.6151
bin_00484	Chr02	34800000	34900000	34850000	108.6957
bin_00485	Chr02	34900000	35100000	35000000	108.7762
bin_00486	Chr02	35100000	35600000	35350000	108.8567
bin_00487	Chr02	35600000	35800000	35700000	108.9372
bin_00488	Chr02	35800000	35900000	35850000	109.0982
bin_00489	Chr02	35900000	37100000	36500000	109.2593
bin_00490	Chr02	37100000	38600000	37850000	109.3398
bin_00491	Chr02	38600000	39700000	39150000	109.4203
bin_00492	Chr02	39700000	39900000	39800000	109.5008
bin_00493	Chr02	39900000	40100000	40000000	109.6618
bin_00494	Chr02	40100000	40200000	40150000	109.8229
bin_00495	Chr02	40200000	40300000	40250000	110.2254
bin_00496	Chr02	40300000	40400000	40350000	110.306
bin_00497	Chr02	40400000	40500000	40450000	110.628
bin_00498	Chr02	40500000	40600000	40550000	110.789
bin_00499	Chr02	40600000	40800000	40700000	110.9501
bin_00500	Chr02	40800000	41100000	40950000	111.0306
bin_00501	Chr02	41100000	41200000	41150000	111.1111
bin_00502	Chr02	41200000	41400000	41300000	111.1916
bin_00503	Chr02	41400000	41700000	41550000	111.4332
bin_00504	Chr02	41700000	41800000	41750000	111.5137
bin_00505	Chr02	41800000	41900000	41850000	111.5942
bin_00506	Chr02	41900000	42100000	42000000	111.9163
bin_00507	Chr02	42100000	42200000	42150000	112.1578
bin_00508	Chr02	42200000	42300000	42250000	112.2383
bin_00509	Chr02	42300000	42400000	42350000	112.963
bin_00510	Chr02	42400000	42500000	42450000	113.7681
bin_00511	Chr02	42500000	42600000	42550000	114.8148
bin_00512	Chr02	42600000	42700000	42650000	115.7005
bin_00513	Chr02	42700000	42800000	42750000	116.4251
bin_00514	Chr02	42800000	42900000	42850000	118.3575
bin_00515	Chr02	42900000	43000000	42950000	119.3237
bin_00516	Chr02	43000000	43100000	43050000	119.9678
bin_00517	Chr02	43100000	43200000	43150000	120.4509
bin_00518	Chr02	43200000	43300000	43250000	121.5781
bin_00519	Chr02	43300000	43400000	43350000	123.3494
bin_00520	Chr02	43400000	43500000	43450000	123.9936
bin_00521	Chr02	43500000	43600000	43550000	125.4428
bin_00522	Chr02	43600000	43700000	43650000	126.4895
bin_00523	Chr02	43700000	43800000	43750000	127.2947
bin_00524	Chr02	43800000	43900000	43850000	127.8583
bin_00525	Chr02	43900000	44000000	43950000	128.905
bin_00526	Chr02	44000000	44100000	44050000	129.3076
bin_00527	Chr02	44100000	44200000	44150000	129.5491
bin_00528	Chr02	44200000	44300000	44250000	130.1127
bin_00529	Chr02	44300000	44400000	44350000	130.2738
bin_00530	Chr02	44400000	44500000	44450000	130.5958
bin_00531	Chr02	44500000	44600000	44550000	131.3205
bin_00532	Chr02	44600000	44700000	44650000	132.7697
bin_00533	Chr02	44700000	44800000	44750000	133.1723
bin_00534	Chr02	44800000	44900000	44850000	134.058
bin_00535	Chr02	44900000	45000000	44950000	135.3462
bin_00536	Chr02	45000000	45100000	45050000	136.2319
bin_00537	Chr02	45100000	45200000	45150000	136.876
bin_00538	Chr02	45200000	45300000	45250000	137.1981
bin_00539	Chr02	45300000	45400000	45350000	138.0837
bin_00540	Chr02	45400000	45500000	45450000	139.211
bin_00541	Chr02	45500000	45600000	45550000	140.4187
bin_00542	Chr02	45600000	45700000	45650000	141.2238
bin_00543	Chr02	45700000	45800000	45750000	141.3849
bin_00544	Chr02	45800000	45900000	45850000	141.7874
bin_00545	Chr02	45900000	46000000	45950000	142.351
bin_00546	Chr02	46000000	46100000	46050000	143.6393
bin_00547	Chr02	46100000	46200000	46150000	145.0081
bin_00548	Chr02	46200000	46300000	46250000	145.5717
bin_00549	Chr02	46300000	46400000	46350000	146.3768
bin_00550	Chr02	46400000	46500000	46450000	146.8599
bin_00551	Chr02	46500000	46600000	46550000	147.2625
bin_00552	Chr02	46600000	46700000	46650000	147.8261
bin_00553	Chr02	46700000	46800000	46750000	148.5507
bin_00554	Chr02	46800000	46900000	46850000	149.6779
bin_00555	Chr02	46900000	47000000	46950000	150.5636
bin_00556	Chr02	47000000	47100000	47050000	150.8857
bin_00557	Chr02	47100000	47200000	47150000	151.5298
bin_00558	Chr02	47200000	47300000	47250000	152.0129
bin_00559	Chr02	47300000	47400000	47350000	152.8986
bin_00560	Chr02	47400000	47500000	47450000	153.2206
bin_00561	Chr02	47500000	47600000	47550000	153.6232
bin_00562	Chr02	47600000	47700000	47650000	154.7504
bin_00563	Chr02	47700000	47800000	47750000	154.9114
bin_00564	Chr02	47800000	47900000	47850000	156.0386
bin_00565	Chr02	47900000	48000000	47950000	156.3607
bin_00566	Chr02	48000000	48100000	48050000	157.5684
bin_00567	Chr02	48100000	48200000	48150000	157.81
bin_00568	Chr02	48200000	48300000	48250000	158.2126
bin_00569	Chr02	48300000	48400000	48350000	158.8567
bin_00570	Chr02	48400000	48500000	48450000	159.3398
bin_00571	Chr02	48500000	48600000	48550000	159.8229
bin_00572	Chr02	48600000	48700000	48650000	160.5475
bin_00573	Chr02	48700000	48800000	48750000	160.7085
bin_00574	Chr02	48800000	48900000	48850000	161.7552
bin_00575	Chr02	48900000	49000000	48950000	162.2383
bin_00576	Chr02	49000000	49100000	49050000	162.5604
bin_00577	Chr02	49100000	49200000	49150000	162.8824
bin_00578	Chr02	49200000	49300000	49250000	163.2045
bin_00579	Chr02	49300000	49400000	49350000	163.7681
bin_00580	Chr02	49400000	49500000	49450000	164.1707
bin_00581	Chr02	49500000	49600000	49550000	164.4928
bin_00582	Chr02	49600000	49700000	49650000	165.0564
bin_00583	Chr02	49700000	49800000	49750000	165.7005
bin_00584	Chr02	49800000	49900000	49850000	166.1031
bin_00585	Chr02	49900000	50000000	49950000	166.7472
bin_00586	Chr02	50000000	50100000	50050000	167.3108
bin_00587	Chr02	50100000	50200000	50150000	167.9549
bin_00588	Chr02	50200000	50300000	50250000	168.438
bin_00589	Chr02	50300000	50400000	50350000	169.2432
bin_00590	Chr02	50400000	50500000	50450000	170.2899
bin_00591	Chr02	50500000	50600000	50550000	170.8535
bin_00592	Chr02	50600000	50700000	50650000	171.5781
bin_00593	Chr02	50700000	50800000	50750000	172.0612
bin_00594	Chr02	50800000	50900000	50850000	173.0274
bin_00595	Chr02	50900000	51000000	50950000	173.752
bin_00596	Chr02	51000000	51100000	51050000	174.2351
bin_00597	Chr02	51100000	51200000	51150000	175.1208
bin_00598	Chr02	51200000	51300000	51250000	175.4428
bin_00599	Chr02	51300000	51400000	51350000	175.9259
bin_00600	Chr02	51400000	51500000	51450000	176.1675
bin_00601	Chr02	51500000	51600000	51550000	177.1337
bin_00602	Chr02	51600000	51700000	51650000	177.4557
bin_00603	Chr02	51700000	51800000	51750000	177.5362
bin_00604	Chr02	51800000	51900000	51850000	178.0998
bin_00605	Chr02	51900000	52000000	51950000	179.7907
bin_00606	Chr02	52000000	52100000	52050000	182.0451
bin_00607	Chr02	52100000	52160593	52130296	182.2866
bin_00608	Chr03	1	200000	100000	0.0
bin_00609	Chr03	200000	300000	250000	0.0805
bin_00610	Chr03	300000	400000	350000	0.4831
bin_00611	Chr03	400000	500000	450000	1.2077
bin_00612	Chr03	500000	600000	550000	1.6908
bin_00613	Chr03	600000	700000	650000	2.657
bin_00614	Chr03	700000	800000	750000	3.2206
bin_00615	Chr03	800000	900000	850000	4.5894
bin_00616	Chr03	900000	1000000	950000	6.1997
bin_00617	Chr03	1000000	1100000	1050000	6.9243
bin_00618	Chr03	1100000	1200000	1150000	7.2464
bin_00619	Chr03	1200000	1300000	1250000	7.971
bin_00620	Chr03	1300000	1400000	1350000	8.2931
bin_00621	Chr03	1400000	1500000	1450000	9.1787
bin_00622	Chr03	1500000	1600000	1550000	9.9839
bin_00623	Chr03	1600000	1700000	1650000	11.2721
bin_00624	Chr03	1700000	1800000	1750000	12.6409
bin_00625	Chr03	1800000	1900000	1850000	13.7681
bin_00626	Chr03	1900000	2000000	1950000	16.0225
bin_00627	Chr03	2000000	2100000	2050000	16.7472
bin_00628	Chr03	2100000	2200000	2150000	17.7939
bin_00629	Chr03	2200000	2300000	2250000	18.7601
bin_00630	Chr03	2300000	2400000	2350000	19.0016
bin_00631	Chr03	2400000	2500000	2450000	19.8873
bin_00632	Chr03	2500000	2600000	2550000	21.1755
bin_00633	Chr03	2600000	2700000	2650000	21.8196
bin_00634	Chr03	2700000	2800000	2750000	22.2222
bin_00635	Chr03	2800000	2900000	2850000	22.6248
bin_00636	Chr03	2900000	3000000	2950000	23.43
bin_00637	Chr03	3000000	3100000	3050000	24.4767
bin_00638	Chr03	3100000	3200000	3150000	25.0403
bin_00639	Chr03	3200000	3400000	3300000	26.0064
bin_00640	Chr03	3400000	3500000	3450000	26.409
bin_00641	Chr03	3500000	3600000	3550000	26.8921
bin_00642	Chr03	3600000	3700000	3650000	28.0193
bin_00643	Chr03	3700000	3800000	3750000	28.5024
bin_00644	Chr03	3800000	3900000	3850000	29.066
bin_00645	Chr03	3900000	4000000	3950000	29.4686
bin_00646	Chr03	4000000	4100000	4050000	30.1127
bin_00647	Chr03	4100000	4200000	4150000	30.7568
bin_00648	Chr03	4200000	4300000	4250000	30.9179
bin_00649	Chr03	4300000	4400000	4350000	31.2399
bin_00650	Chr03	4400000	4500000	4450000	32.1256
bin_00651	Chr03	4500000	4600000	4550000	32.6892
bin_00652	Chr03	4600000	4700000	4650000	33.3333
bin_00653	Chr03	4700000	4800000	4750000	33.5749
bin_00654	Chr03	4800000	5000000	4900000	34.1385
bin_00655	Chr03	5000000	5100000	5050000	34.38
bin_00656	Chr03	5100000	5200000	5150000	34.4605
bin_00657	Chr03	5200000	5300000	5250000	35.0242
bin_00658	Chr03	5300000	5400000	5350000	36.2319
bin_00659	Chr03	5400000	5500000	5450000	37.037
bin_00660	Chr03	5500000	5600000	5550000	37.6812
bin_00661	Chr03	5600000	5700000	5650000	38.2448
bin_00662	Chr03	5700000	5800000	5750000	38.5668
bin_00663	Chr03	5800000	5900000	5850000	38.8084
bin_00664	Chr03	5900000	6000000	5950000	39.211
bin_00665	Chr03	6000000	6100000	6050000	39.372
bin_00666	Chr03	6100000	6200000	6150000	39.533
bin_00667	Chr03	6200000	6300000	6250000	39.9356
bin_00668	Chr03	6300000	6400000	6350000	40.0161
bin_00669	Chr03	6400000	6500000	6450000	40.3382
bin_00670	Chr03	6500000	6600000	6550000	40.4187
bin_00671	Chr03	6600000	6700000	6650000	40.4992
bin_00672	Chr03	6700000	6800000	6750000	40.5797
bin_00673	Chr03	6800000	6900000	6850000	40.9823
bin_00674	Chr03	6900000	7000000	6950000	41.1433
bin_00675	Chr03	7000000	7300000	7150000	41.3043
bin_00676	Chr03	7300000	7400000	7350000	41.3849
bin_00677	Chr03	7400000	7500000	7450000	41.6264
bin_00678	Chr03	7500000	7600000	7550000	41.7069
bin_00679	Chr03	7600000	7800000	7700000	42.19
bin_00680	Chr03	7800000	7900000	7850000	42.2705
bin_00681	Chr03	7900000	8000000	7950000	42.4316
bin_00682	Chr03	8000000	8100000	8050000	42.5121
bin_00683	Chr03	8100000	8200000	8150000	42.5926
bin_00684	Chr03	8200000	8400000	8300000	42.7536
bin_00685	Chr03	8400000	8700000	8550000	43.0757
bin_00686	Chr03	8700000	8800000	8750000	43.1562
bin_00687	Chr03	8800000	8900000	8850000	43.3172
bin_00688	Chr03	8900000	9200000	9050000	43.3977
bin_00689	Chr03	9200000	9700000	9450000	43.4783
bin_00690	Chr03	9700000	10000000	9850000	43.5588
bin_00691	Chr03	10000000	10200000	10100000	43.6393
bin_00692	Chr03	10200000	10600000	10400000	43.7198
bin_00693	Chr03	10600000	11600000	11100000	43.8003
bin_00694	Chr03	11600000	11800000	11700000	43.8808
bin_00695	Chr03	11800000	12100000	11950000	43.9614
bin_00696	Chr03	12100000	13000000	12550000	44.0419
bin_00697	Chr03	13000000	13100000	13050000	44.1224
bin_00698	Chr03	13100000	13800000	13450000	44.2029
bin_00699	Chr03	13800000	14100000	13950000	44.2834
bin_00700	Chr03	14100000	17700000	15900000	44.3639
bin_00701	Chr03	17700000	17800000	17750000	44.4444
bin_00702	Chr03	17800000	18000000	17900000	44.6055
bin_00703	Chr03	18000000	18100000	18050000	44.7665
bin_00704	Chr03	18100000	18400000	18250000	44.847
bin_00705	Chr03	18400000	18800000	18600000	44.9275
bin_00706	Chr03	18800000	19000000	18900000	45.0081
bin_00707	Chr03	19000000	19100000	19050000	45.4911
bin_00708	Chr03	19100000	19200000	19150000	45.5717
bin_00709	Chr03	19200000	19800000	19500000	45.6522
bin_00710	Chr03	19800000	20300000	20050000	45.7327
bin_00711	Chr03	20300000	20700000	20500000	45.8132
bin_00712	Chr03	20700000	20800000	20750000	45.8937
bin_00713	Chr03	20800000	20900000	20850000	46.1353
bin_00714	Chr03	20900000	21100000	21000000	46.5378
bin_00715	Chr03	21100000	21500000	21300000	46.6184
bin_00716	Chr03	21500000	21600000	21550000	46.6989
bin_00717	Chr03	21600000	21900000	21750000	46.7794
bin_00718	Chr03	21900000	22000000	21950000	46.8599
bin_00719	Chr03	22000000	22100000	22050000	46.9404
bin_00720	Chr03	22100000	23300000	22700000	47.182
bin_00721	Chr03	23300000	27100000	25200000	47.2625
bin_00722	Chr03	27100000	27200000	27150000	47.343
bin_00723	Chr03	27200000	28400000	27800000	47.4235
bin_00724	Chr03	28400000	28500000	28450000	47.504
bin_00725	Chr03	28500000	28600000	28550000	47.7456
bin_00726	Chr03	28600000	28800000	28700000	47.9066
bin_00727	Chr03	28800000	28900000	28850000	47.9871
bin_00728	Chr03	28900000	29700000	29300000	48.0676
bin_00729	Chr03	29700000	29900000	29800000	48.1481
bin_00730	Chr03	29900000	30100000	30000000	48.3092
bin_00731	Chr03	30100000	30200000	30150000	48.4702
bin_00732	Chr03	30200000	30600000	30400000	48.5507
bin_00733	Chr03	30600000	30700000	30650000	48.7923
bin_00734	Chr03	30700000	30800000	30750000	48.8728
bin_00735	Chr03	30800000	30900000	30850000	49.0338
bin_00736	Chr03	30900000	31000000	30950000	49.1948
bin_00737	Chr03	31000000	31300000	31150000	49.2754
bin_00738	Chr03	31300000	31400000	31350000	49.3559
bin_00739	Chr03	31400000	31500000	31450000	49.4364
bin_00740	Chr03	31500000	31600000	31550000	49.5169
bin_00741	Chr03	31600000	31700000	31650000	50.0805
bin_00742	Chr03	31700000	31900000	31800000	50.3221
bin_00743	Chr03	31900000	32100000	32000000	50.4831
bin_00744	Chr03	32100000	32300000	32200000	50.5636
bin_00745	Chr03	32300000	32500000	32400000	50.6441
bin_00746	Chr03	32500000	32600000	32550000	50.7246
bin_00747	Chr03	32600000	32700000	32650000	50.8052
bin_00748	Chr03	32700000	32800000	32750000	51.4493
bin_00749	Chr03	32800000	32900000	32850000	51.6103
bin_00750	Chr03	32900000	33000000	32950000	51.7713
bin_00751	Chr03	33000000	33100000	33050000	51.9324
bin_00752	Chr03	33100000	33200000	33150000	52.0129
bin_00753	Chr03	33200000	33300000	33250000	52.3349
bin_00754	Chr03	33300000	33400000	33350000	52.4155
bin_00755	Chr03	33400000	33700000	33550000	52.496
bin_00756	Chr03	33700000	33800000	33750000	52.5765
bin_00757	Chr03	33800000	33900000	33850000	52.7375
bin_00758	Chr03	33900000	34000000	33950000	52.9791
bin_00759	Chr03	34000000	34100000	34050000	53.0596
bin_00760	Chr03	34100000	34300000	34200000	53.3011
bin_00761	Chr03	34300000	34400000	34350000	53.4622
bin_00762	Chr03	34400000	34500000	34450000	53.5427
bin_00763	Chr03	34500000	34600000	34550000	53.7842
bin_00764	Chr03	34600000	34700000	34650000	54.0258
bin_00765	Chr03	34700000	34800000	34750000	54.6699
bin_00766	Chr03	34800000	34900000	34850000	55.3945
bin_00767	Chr03	34900000	35000000	34950000	55.7166
bin_00768	Chr03	35000000	35100000	35050000	55.8776
bin_00769	Chr03	35100000	35200000	35150000	56.6828
bin_00770	Chr03	35200000	35300000	35250000	56.9243
bin_00771	Chr03	35300000	35400000	35350000	57.0048
bin_00772	Chr03	35400000	35500000	35450000	57.971
bin_00773	Chr03	35500000	35600000	35550000	59.1787
bin_00774	Chr03	35600000	35700000	35650000	59.9839
bin_00775	Chr03	35700000	35800000	35750000	60.789
bin_00776	Chr03	35800000	35900000	35850000	61.7552
bin_00777	Chr03	35900000	36000000	35950000	62.4799
bin_00778	Chr03	36000000	36100000	36050000	63.124
bin_00779	Chr03	36100000	36200000	36150000	63.7681
bin_00780	Chr03	36200000	36300000	36250000	64.8148
bin_00781	Chr03	36300000	36400000	36350000	65.62
bin_00782	Chr03	36400000	36500000	36450000	66.8277
bin_00783	Chr03	36500000	36600000	36550000	67.7134
bin_00784	Chr03	36600000	36700000	36650000	69.5652
bin_00785	Chr03	36700000	36800000	36750000	70.0483
bin_00786	Chr03	36800000	36900000	36850000	70.7729
bin_00787	Chr03	36900000	37000000	36950000	71.1755
bin_00788	Chr03	37000000	37100000	37050000	71.6586
bin_00789	Chr03	37100000	37200000	37150000	73.1079
bin_00790	Chr03	37200000	37300000	37250000	73.9936
bin_00791	Chr03	37300000	37400000	37350000	75.2013
bin_00792	Chr03	37400000	37500000	37450000	75.9259
bin_00793	Chr03	37500000	37600000	37550000	76.409
bin_00794	Chr03	37600000	37700000	37650000	77.2947
bin_00795	Chr03	37700000	37800000	37750000	78.5024
bin_00796	Chr03	37800000	37900000	37850000	79.5491
bin_00797	Chr03	37900000	38000000	37950000	80.5153
bin_00798	Chr03	38000000	38100000	38050000	81.4815
bin_00799	Chr03	38100000	38200000	38150000	82.3671
bin_00800	Chr03	38200000	38300000	38250000	82.6892
bin_00801	Chr03	38300000	38400000	38350000	83.5749
bin_00802	Chr03	38400000	38500000	38450000	84.2995
bin_00803	Chr03	38500000	38600000	38550000	84.6216
bin_00804	Chr03	38600000	38700000	38650000	85.0242
bin_00805	Chr03	38700000	38800000	38750000	85.8293
bin_00806	Chr03	38800000	38900000	38850000	86.4734
bin_00807	Chr03	38900000	39000000	38950000	86.7955
bin_00808	Chr03	39000000	39100000	39050000	87.7617
bin_00809	Chr03	39100000	39200000	39150000	88.5668
bin_00810	Chr03	39200000	39300000	39250000	88.9694
bin_00811	Chr03	39300000	39400000	39350000	89.7746
bin_00812	Chr03	39400000	39500000	39450000	90.4187
bin_00813	Chr03	39500000	39600000	39550000	91.0628
bin_00814	Chr03	39600000	39700000	39650000	91.9485
bin_00815	Chr03	39700000	39800000	39750000	92.2705
bin_00816	Chr03	39800000	39900000	39850000	92.9147
bin_00817	Chr03	39900000	40000000	39950000	93.6393
bin_00818	Chr03	40000000	40100000	40050000	95.4911
bin_00819	Chr03	40100000	40200000	40150000	96.6989
bin_00820	Chr03	40200000	40300000	40250000	97.1014
bin_00821	Chr03	40300000	40400000	40350000	97.504
bin_00822	Chr03	40400000	40500000	40450000	98.6312
bin_00823	Chr03	40500000	40600000	40550000	99.2754
bin_00824	Chr03	40600000	40700000	40650000	100.0805
bin_00825	Chr03	40700000	40800000	40750000	100.6441
bin_00826	Chr03	40800000	40900000	40850000	101.6103
bin_00827	Chr03	40900000	41000000	40950000	102.1739
bin_00828	Chr03	41000000	41100000	41050000	102.818
bin_00829	Chr03	41100000	41200000	41150000	103.8647
bin_00830	Chr03	41200000	41300000	41250000	104.1868
bin_00831	Chr03	41300000	41400000	41350000	104.2673
bin_00832	Chr03	41400000	41500000	41450000	104.7504
bin_00833	Chr03	41500000	41600000	41550000	105.153
bin_00834	Chr03	41600000	41700000	41650000	105.314
bin_00835	Chr03	41700000	41800000	41750000	105.9581
bin_00836	Chr03	41800000	41900000	41850000	106.0386
bin_00837	Chr03	41900000	42100000	42000000	106.3607
bin_00838	Chr03	42100000	42200000	42150000	107.0853
bin_00839	Chr03	42200000	42300000	42250000	107.4879
bin_00840	Chr03	42300000	42400000	42350000	108.6957
bin_00841	Chr03	42400000	42500000	42450000	109.0982
bin_00842	Chr03	42500000	42600000	42550000	109.5008
bin_00843	Chr03	42600000	42700000	42650000	110.1449
bin_00844	Chr03	42700000	42800000	42750000	110.7085
bin_00845	Chr03	42800000	42900000	42850000	111.7552
bin_00846	Chr03	42900000	43000000	42950000	113.124
bin_00847	Chr03	43000000	43100000	43050000	113.2045
bin_00848	Chr03	43100000	43200000	43150000	114.2512
bin_00849	Chr03	43200000	43300000	43250000	114.7343
bin_00850	Chr03	43300000	43400000	43350000	115.3784
bin_00851	Chr03	43400000	43500000	43450000	115.781
bin_00852	Chr03	43500000	43600000	43550000	116.0225
bin_00853	Chr03	43600000	43700000	43650000	117.7134
bin_00854	Chr03	43700000	43800000	43750000	118.599
bin_00855	Chr03	43800000	43900000	43850000	119.0821
bin_00856	Chr03	43900000	44000000	43950000	120.934
bin_00857	Chr03	44000000	44100000	44050000	122.1417
bin_00858	Chr03	44100000	44200000	44150000	123.1884
bin_00859	Chr03	44200000	44300000	44250000	124.6377
bin_00860	Chr03	44300000	44400000	44350000	125.6039
bin_00861	Chr03	44400000	44500000	44450000	126.3285
bin_00862	Chr03	44500000	44600000	44550000	126.8921
bin_00863	Chr03	44600000	44700000	44650000	127.5362
bin_00864	Chr03	44700000	44800000	44750000	128.4219
bin_00865	Chr03	44800000	44900000	44850000	129.1465
bin_00866	Chr03	44900000	45000000	44950000	130.5153
bin_00867	Chr03	45000000	45100000	45050000	130.8374
bin_00868	Chr03	45100000	45200000	45150000	131.562
bin_00869	Chr03	45200000	45300000	45250000	132.2061
bin_00870	Chr03	45300000	45400000	45350000	133.0113
bin_00871	Chr03	45400000	45500000	45450000	133.4944
bin_00872	Chr03	45500000	45600000	45550000	133.8969
bin_00873	Chr03	45600000	45700000	45650000	134.219
bin_00874	Chr03	45700000	45800000	45750000	135.1047
bin_00875	Chr03	45800000	45900000	45850000	135.6683
bin_00876	Chr03	45900000	46000000	45950000	136.715
bin_00877	Chr03	46000000	46100000	46050000	137.7617
bin_00878	Chr03	46100000	46200000	46150000	138.8084
bin_00879	Chr03	46200000	46300000	46250000	139.372
bin_00880	Chr03	46300000	46400000	46350000	140.1771
bin_00881	Chr03	46400000	46500000	46450000	141.7069
bin_00882	Chr03	46500000	46600000	46550000	142.19
bin_00883	Chr03	46600000	46700000	46650000	142.9147
bin_00884	Chr03	46700000	46800000	46750000	143.8808
bin_00885	Chr03	46800000	47000000	46900000	144.6055
bin_00886	Chr03	47000000	47100000	47050000	144.847
bin_00887	Chr03	47100000	47200000	47150000	146.1353
bin_00888	Chr03	47200000	47300000	47250000	146.5378
bin_00889	Chr03	47300000	47400000	47350000	147.9871
bin_00890	Chr03	47400000	47500000	47450000	149.1948
bin_00891	Chr03	47500000	47600000	47550000	150.0805
bin_00892	Chr03	47600000	47695029	47647514	150.161
bin_00893	Chr04	1	700000	350000	0.0
bin_00894	Chr04	700000	800000	750000	0.0805
bin_00895	Chr04	800000	900000	850000	0.3221
bin_00896	Chr04	900000	1000000	950000	0.7246
bin_00897	Chr04	1000000	1100000	1050000	1.5298
bin_00898	Chr04	1100000	1200000	1150000	2.0934
bin_00899	Chr04	1200000	1300000	1250000	2.9791
bin_00900	Chr04	1300000	1500000	1400000	3.3011
bin_00901	Chr04	1500000	1600000	1550000	3.5427
bin_00902	Chr04	1600000	1700000	1650000	4.1868
bin_00903	Chr04	1700000	1800000	1750000	4.7504
bin_00904	Chr04	1800000	1900000	1850000	5.153
bin_00905	Chr04	1900000	2000000	1950000	5.314
bin_00906	Chr04	2000000	2100000	2050000	5.6361
bin_00907	Chr04	2100000	2200000	2150000	6.0386
bin_00908	Chr04	2200000	2300000	2250000	6.1997
bin_00909	Chr04	2300000	2400000	2350000	6.3607
bin_00910	Chr04	2400000	2500000	2450000	7.0853
bin_00911	Chr04	2500000	2600000	2550000	7.8905
bin_00912	Chr04	2600000	2700000	2650000	8.4541
bin_00913	Chr04	2700000	2800000	2750000	10.5475
bin_00914	Chr04	2800000	2900000	2850000	11.0306
bin_00915	Chr04	2900000	3000000	2950000	11.6747
bin_00916	Chr04	3000000	3100000	3050000	12.1578
bin_00917	Chr04	3100000	3200000	3150000	12.7214
bin_00918	Chr04	3200000	3300000	3250000	13.285
bin_00919	Chr04	3300000	3400000	3350000	13.6071
bin_00920	Chr04	3400000	3500000	3450000	14.1707
bin_00921	Chr04	3500000	3600000	3550000	14.6538
bin_00922	Chr04	3600000	3700000	3650000	15.7005
bin_00923	Chr04	3700000	3800000	3750000	15.942
bin_00924	Chr04	3800000	3900000	3850000	17.1498
bin_00925	Chr04	3900000	4000000	3950000	17.7134
bin_00926	Chr04	4000000	4100000	4050000	18.438
bin_00927	Chr04	4100000	4200000	4150000	19.0821
bin_00928	Chr04	4200000	4300000	4250000	19.8068
bin_00929	Chr04	4300000	4400000	4350000	20.4509
bin_00930	Chr04	4400000	4500000	4450000	22.1417
bin_00931	Chr04	4500000	4600000	4550000	22.9469
bin_00932	Chr04	4600000	4700000	4650000	24.8792
bin_00933	Chr04	4700000	4800000	4750000	25.8454
bin_00934	Chr04	4800000	4900000	4850000	26.409
bin_00935	Chr04	4900000	5000000	4950000	26.8116
bin_00936	Chr04	5000000	5100000	5050000	29.7907
bin_00937	Chr04	5100000	5200000	5150000	32.2061
bin_00938	Chr04	5200000	5300000	5250000	32.6892
bin_00939	Chr04	5300000	5400000	5350000	34.4605
bin_00940	Chr04	5400000	5500000	5450000	35.1047
bin_00941	Chr04	5500000	5600000	5550000	36.2319
bin_00942	Chr04	5600000	5700000	5650000	37.5201
bin_00943	Chr04	5700000	5800000	5750000	38.3253
bin_00944	Chr04	5800000	5900000	5850000	39.211
bin_00945	Chr04	5900000	6000000	5950000	40.0966
bin_00946	Chr04	6000000	6100000	6050000	40.8213
bin_00947	Chr04	6100000	6200000	6150000	41.0628
bin_00948	Chr04	6200000	6300000	6250000	41.9485
bin_00949	Chr04	6300000	6400000	6350000	44.3639
bin_00950	Chr04	6400000	6500000	6450000	45.1691
bin_00951	Chr04	6500000	6600000	6550000	45.7327
bin_00952	Chr04	6600000	6700000	6650000	46.7794
bin_00953	Chr04	6700000	6800000	6750000	47.6651
bin_00954	Chr04	6800000	6900000	6850000	49.1143
bin_00955	Chr04	6900000	7000000	6950000	50.5636
bin_00956	Chr04	7000000	7100000	7050000	51.2077
bin_00957	Chr04	7100000	7200000	7150000	52.657
bin_00958	Chr04	7200000	7300000	7250000	53.9452
bin_00959	Chr04	7300000	7400000	7350000	55.153
bin_00960	Chr04	7400000	7500000	7450000	56.0386
bin_00961	Chr04	7500000	7600000	7550000	57.1659
bin_00962	Chr04	7600000	7700000	7650000	58.2126
bin_00963	Chr04	7700000	7800000	7750000	59.0982
bin_00964	Chr04	7800000	7900000	7850000	59.9839
bin_00965	Chr04	7900000	8000000	7950000	61.5137
bin_00966	Chr04	8000000	8100000	8050000	63.124
bin_00967	Chr04	8100000	8200000	8150000	64.2512
bin_00968	Chr04	8200000	8300000	8250000	65.3784
bin_00969	Chr04	8300000	8400000	8350000	65.7005
bin_00970	Chr04	8400000	8500000	8450000	66.5862
bin_00971	Chr04	8500000	8600000	8550000	67.0692
bin_00972	Chr04	8600000	8700000	8650000	67.3913
bin_00973	Chr04	8700000	8800000	8750000	67.7134
bin_00974	Chr04	8800000	8900000	8850000	68.599
bin_00975	Chr04	8900000	9000000	8950000	69.2432
bin_00976	Chr04	9000000	9100000	9050000	70.2899
bin_00977	Chr04	9100000	9200000	9150000	71.0145
bin_00978	Chr04	9200000	9300000	9250000	72.2222
bin_00979	Chr04	9300000	9400000	9350000	72.4638
bin_00980	Chr04	9400000	9500000	9450000	73.752
bin_00981	Chr04	9500000	9700000	9600000	75.4428
bin_00982	Chr04	9700000	9800000	9750000	75.6844
bin_00983	Chr04	9800000	9900000	9850000	75.8454
bin_00984	Chr04	9900000	10000000	9950000	76.0064
bin_00985	Chr04	10000000	10100000	10050000	76.087
bin_00986	Chr04	10100000	10200000	10150000	76.248
bin_00987	Chr04	10200000	10300000	10250000	76.57
bin_00988	Chr04	10300000	10600000	10450000	76.8921
bin_00989	Chr04	10600000	10700000	10650000	77.0531
bin_00990	Chr04	10700000	10800000	10750000	77.3752
bin_00991	Chr04	10800000	10900000	10850000	77.5362
bin_00992	Chr04	10900000	11200000	11050000	77.6973
bin_00993	Chr04	11200000	11300000	11250000	77.7778
bin_00994	Chr04	11300000	11400000	11350000	77.9388
bin_00995	Chr04	11400000	11600000	11500000	78.0998
bin_00996	Chr04	11600000	11700000	11650000	78.2609
bin_00997	Chr04	11700000	11800000	11750000	78.4219
bin_00998	Chr04	11800000	11900000	11850000	78.6634
bin_00999	Chr04	11900000	12100000	12000000	78.8245
bin_01000	Chr04	12100000	12500000	12300000	78.905
bin_01001	Chr04	12500000	12600000	12550000	78.9855
bin_01002	Chr04	12600000	13200000	12900000	79.2271
bin_01003	Chr04	13200000	13500000	13350000	79.3076
bin_01004	Chr04	13500000	13600000	13550000	79.3881
bin_01005	Chr04	13600000	13800000	13700000	79.4686
bin_01006	Chr04	13800000	14200000	14000000	79.5491
bin_01007	Chr04	14200000	14500000	14350000	79.6296
bin_01008	Chr04	14500000	14600000	14550000	79.7101
bin_01009	Chr04	14600000	14700000	14650000	79.7907
bin_01010	Chr04	14700000	14800000	14750000	79.8712
bin_01011	Chr04	14800000	14900000	14850000	79.9517
bin_01012	Chr04	14900000	15200000	15050000	80.1127
bin_01013	Chr04	15200000	16100000	15650000	80.3543
bin_01014	Chr04	16100000	17200000	16650000	80.4348
bin_01015	Chr04	17200000	17300000	17250000	80.5958
bin_01016	Chr04	17300000	17500000	17400000	80.6763
bin_01017	Chr04	17500000	17700000	17600000	80.7568
bin_01018	Chr04	17700000	18100000	17900000	80.8374
bin_01019	Chr04	18100000	18900000	18500000	80.9179
bin_01020	Chr04	18900000	19100000	19000000	80.9984
bin_01021	Chr04	19100000	23400000	21250000	81.0789
bin_01022	Chr04	23400000	23600000	23500000	81.1594
bin_01023	Chr04	23600000	23700000	23650000	81.2399
bin_01024	Chr04	23700000	23900000	23800000	81.3205
bin_01025	Chr04	23900000	24000000	23950000	81.401
bin_01026	Chr04	24000000	24100000	24050000	81.562
bin_01027	Chr04	24100000	24200000	24150000	81.6425
bin_01028	Chr04	24200000	24400000	24300000	81.9646
bin_01029	Chr04	24400000	24600000	24500000	82.0451
bin_01030	Chr04	24600000	24700000	24650000	82.2061
bin_01031	Chr04	24700000	24800000	24750000	82.3671
bin_01032	Chr04	24800000	24900000	24850000	82.6087
bin_01033	Chr04	24900000	25000000	24950000	82.7697
bin_01034	Chr04	25000000	25100000	25050000	83.0113
bin_01035	Chr04	25100000	25900000	25500000	83.0918
bin_01036	Chr04	25900000	26200000	26050000	83.1723
bin_01037	Chr04	26200000	29600000	27900000	83.2528
bin_01038	Chr04	29600000	34500000	32050000	83.3333
bin_01039	Chr04	34500000	37000000	35750000	83.4944
bin_01040	Chr04	37000000	37400000	37200000	83.5749
bin_01041	Chr04	37400000	37900000	37650000	83.6554
bin_01042	Chr04	37900000	40000000	38950000	83.7359
bin_01043	Chr04	40000000	40500000	40250000	83.8164
bin_01044	Chr04	40500000	41000000	40750000	83.8969
bin_01045	Chr04	41000000	41100000	41050000	84.2995
bin_01046	Chr04	41100000	41200000	41150000	84.4605
bin_01047	Chr04	41200000	41400000	41300000	84.5411
bin_01048	Chr04	41400000	41500000	41450000	84.6216
bin_01049	Chr04	41500000	41600000	41550000	84.7826
bin_01050	Chr04	41600000	42300000	41950000	84.9436
bin_01051	Chr04	42300000	42500000	42400000	85.1047
bin_01052	Chr04	42500000	42600000	42550000	85.4267
bin_01053	Chr04	42600000	42700000	42650000	85.5072
bin_01054	Chr04	42700000	43100000	42900000	85.5878
bin_01055	Chr04	43100000	43200000	43150000	85.6683
bin_01056	Chr04	43200000	43300000	43250000	85.8293
bin_01057	Chr04	43300000	43500000	43400000	85.9098
bin_01058	Chr04	43500000	43700000	43600000	86.3929
bin_01059	Chr04	43700000	43800000	43750000	86.5539
bin_01060	Chr04	43800000	43900000	43850000	86.7955
bin_01061	Chr04	43900000	44100000	44000000	86.876
bin_01062	Chr04	44100000	44300000	44200000	86.9565
bin_01063	Chr04	44300000	44400000	44350000	87.037
bin_01064	Chr04	44400000	44500000	44450000	87.1176
bin_01065	Chr04	44500000	44600000	44550000	87.3591
bin_01066	Chr04	44600000	44700000	44650000	87.4396
bin_01067	Chr04	44700000	44800000	44750000	87.8422
bin_01068	Chr04	44800000	44900000	44850000	88.0837
bin_01069	Chr04	44900000	45000000	44950000	88.3253
bin_01070	Chr04	45000000	45100000	45050000	89.694
bin_01071	Chr04	45100000	45200000	45150000	90.3382
bin_01072	Chr04	45200000	45300000	45250000	90.6602
bin_01073	Chr04	45300000	45400000	45350000	91.3849
bin_01074	Chr04	45400000	45500000	45450000	91.7874
bin_01075	Chr04	45500000	45600000	45550000	92.4316
bin_01076	Chr04	45600000	45800000	45700000	93.0757
bin_01077	Chr04	45800000	45900000	45850000	93.4783
bin_01078	Chr04	45900000	46000000	45950000	93.8808
bin_01079	Chr04	46000000	46100000	46050000	93.9614
bin_01080	Chr04	46100000	46200000	46150000	94.0419
bin_01081	Chr04	46200000	46300000	46250000	94.6055
bin_01082	Chr04	46300000	46400000	46350000	94.7665
bin_01083	Chr04	46400000	46500000	46450000	95.0081
bin_01084	Chr04	46500000	46600000	46550000	95.7327
bin_01085	Chr04	46600000	46700000	46650000	96.5378
bin_01086	Chr04	46700000	46800000	46750000	97.182
bin_01087	Chr04	46800000	46900000	46850000	97.9871
bin_01088	Chr04	46900000	47000000	46950000	98.8728
bin_01089	Chr04	47000000	47100000	47050000	99.4364
bin_01090	Chr04	47100000	47200000	47150000	100.3221
bin_01091	Chr04	47200000	47300000	47250000	101.7713
bin_01092	Chr04	47300000	47400000	47350000	102.9791
bin_01093	Chr04	47400000	47500000	47450000	103.7842
bin_01094	Chr04	47500000	47600000	47550000	104.0258
bin_01095	Chr04	47600000	47700000	47650000	105.7166
bin_01096	Chr04	47700000	47800000	47750000	106.2802
bin_01097	Chr04	47800000	47900000	47850000	106.7633
bin_01098	Chr04	47900000	48000000	47950000	108.2126
bin_01099	Chr04	48000000	48100000	48050000	109.5008
bin_01100	Chr04	48100000	48200000	48150000	110.467
bin_01101	Chr04	48200000	48300000	48250000	111.2721
bin_01102	Chr04	48300000	48400000	48350000	111.9163
bin_01103	Chr04	48400000	48500000	48450000	112.8824
bin_01104	Chr04	48500000	48600000	48550000	113.5266
bin_01105	Chr04	48600000	48700000	48650000	113.8486
bin_01106	Chr04	48700000	48800000	48750000	115.2174
bin_01107	Chr04	48800000	48900000	48850000	115.7005
bin_01108	Chr04	48900000	49000000	48950000	116.1836
bin_01109	Chr04	49000000	49100000	49050000	116.7472
bin_01110	Chr04	49100000	49200000	49150000	118.1159
bin_01111	Chr04	49200000	49300000	49250000	119.4847
bin_01112	Chr04	49300000	49400000	49350000	120.3704
bin_01113	Chr04	49400000	49500000	49450000	121.1755
bin_01114	Chr04	49500000	49600000	49550000	121.8196
bin_01115	Chr04	49600000	49700000	49650000	122.6248
bin_01116	Chr04	49700000	49800000	49750000	123.913
bin_01117	Chr04	49800000	49900000	49850000	124.7987
bin_01118	Chr04	49900000	50000000	49950000	125.6844
bin_01119	Chr04	50000000	50100000	50050000	126.248
bin_01120	Chr04	50100000	50200000	50150000	126.8116
bin_01121	Chr04	50200000	50300000	50250000	128.0193
bin_01122	Chr04	50300000	50400000	50350000	128.5829
bin_01123	Chr04	50400000	50500000	50450000	129.8712
bin_01124	Chr04	50500000	50600000	50550000	131.2399
bin_01125	Chr04	50600000	50700000	50650000	131.8035
bin_01126	Chr04	50700000	50800000	50750000	132.8502
bin_01127	Chr04	50800000	50900000	50850000	133.4138
bin_01128	Chr04	50900000	51000000	50950000	134.058
bin_01129	Chr04	51000000	51100000	51050000	135.3462
bin_01130	Chr04	51100000	51200000	51150000	135.9098
bin_01131	Chr04	51200000	51300000	51250000	137.037
bin_01132	Chr04	51300000	51500000	51400000	137.4396
bin_01133	Chr04	51500000	51600000	51550000	137.9227
bin_01134	Chr04	51600000	51700000	51650000	139.211
bin_01135	Chr04	51700000	51800000	51750000	139.8551
bin_01136	Chr04	51800000	51900000	51850000	140.8213
bin_01137	Chr04	51900000	52000000	51950000	141.7069
bin_01138	Chr04	52000000	52100000	52050000	141.868
bin_01139	Chr04	52100000	52200000	52150000	142.029
bin_01140	Chr04	52200000	52300000	52250000	142.6731
bin_01141	Chr04	52300000	52400000	52350000	142.9952
bin_01142	Chr04	52400000	52500000	52450000	143.2367
bin_01143	Chr04	52500000	52600000	52550000	143.9614
bin_01144	Chr04	52600000	52700000	52650000	144.525
bin_01145	Chr04	52700000	52800000	52750000	145.5717
bin_01146	Chr04	52800000	52900000	52850000	145.9742
bin_01147	Chr04	52900000	53000000	52950000	146.2963
bin_01148	Chr04	53000000	53100000	53050000	146.6184
bin_01149	Chr04	53100000	53200000	53150000	147.0209
bin_01150	Chr04	53200000	53300000	53250000	147.504
bin_01151	Chr04	53300000	53400000	53350000	149.5974
bin_01152	Chr04	53400000	53500000	53450000	153.6232
bin_01153	Chr04	53500000	53600000	53550000	154.9114
bin_01154	Chr04	53600000	53700000	53650000	154.9919
bin_01155	Chr04	53700000	53900000	53800000	155.0725
bin_01156	Chr04	53900000	53978414	53939207	155.153
bin_01157	Chr05	1	800000	400000	0.0
bin_01158	Chr05	800000	900000	850000	0.161
bin_01159	Chr05	900000	1000000	950000	0.5636
bin_01160	Chr05	1000000	1100000	1050000	0.8857
bin_01161	Chr05	1100000	1200000	1150000	1.4493
bin_01162	Chr05	1200000	1300000	1250000	1.6908
bin_01163	Chr05	1300000	1400000	1350000	2.2544
bin_01164	Chr05	1400000	1500000	1450000	2.7375
bin_01165	Chr05	1500000	1600000	1550000	3.0596
bin_01166	Chr05	1600000	1700000	1650000	3.6232
bin_01167	Chr05	1700000	1800000	1750000	4.5089
bin_01168	Chr05	1800000	1900000	1850000	5.3945
bin_01169	Chr05	1900000	2000000	1950000	6.1192
bin_01170	Chr05	2000000	2100000	2050000	7.8905
bin_01171	Chr05	2100000	2200000	2150000	8.2931
bin_01172	Chr05	2200000	2300000	2250000	9.6618
bin_01173	Chr05	2300000	2400000	2350000	10.467
bin_01174	Chr05	2400000	2500000	2450000	11.4332
bin_01175	Chr05	2500000	2600000	2550000	12.5604
bin_01176	Chr05	2600000	2700000	2650000	14.4928
bin_01177	Chr05	2700000	2800000	2750000	15.3784
bin_01178	Chr05	2800000	2900000	2850000	16.1031
bin_01179	Chr05	2900000	3000000	2950000	17.7939
bin_01180	Chr05	3000000	3100000	3050000	19.0821
bin_01181	Chr05	3100000	3200000	3150000	20.8535
bin_01182	Chr05	3200000	3300000	3250000	21.4976
bin_01183	Chr05	3300000	3400000	3350000	22.3833
bin_01184	Chr05	3400000	3500000	3450000	23.1884
bin_01185	Chr05	3500000	3600000	3550000	24.0741
bin_01186	Chr05	3600000	3700000	3650000	24.5572
bin_01187	Chr05	3700000	3800000	3750000	25.2013
bin_01188	Chr05	3800000	3900000	3850000	26.1675
bin_01189	Chr05	3900000	4000000	3950000	26.9726
bin_01190	Chr05	4000000	4100000	4050000	27.8583
bin_01191	Chr05	4100000	4200000	4150000	29.6296
bin_01192	Chr05	4200000	4300000	4250000	30.1127
bin_01193	Chr05	4300000	4400000	4350000	31.0789
bin_01194	Chr05	4400000	4500000	4450000	32.3671
bin_01195	Chr05	4500000	4600000	4550000	32.8502
bin_01196	Chr05	4600000	4700000	4650000	33.6554
bin_01197	Chr05	4700000	4800000	4750000	34.058
bin_01198	Chr05	4800000	4900000	4850000	35.4267
bin_01199	Chr05	4900000	5000000	4950000	36.715
bin_01200	Chr05	5000000	5100000	5050000	37.8422
bin_01201	Chr05	5100000	5200000	5150000	39.1304
bin_01202	Chr05	5200000	5300000	5250000	40.5797
bin_01203	Chr05	5300000	5400000	5350000	41.3043
bin_01204	Chr05	5400000	5500000	5450000	42.19
bin_01205	Chr05	5500000	5600000	5550000	44.686
bin_01206	Chr05	5600000	5700000	5650000	46.3768
bin_01207	Chr05	5700000	5800000	5750000	46.6184
bin_01208	Chr05	5800000	5900000	5850000	47.7456
bin_01209	Chr05	5900000	6000000	5950000	48.4702
bin_01210	Chr05	6000000	6100000	6050000	48.7118
bin_01211	Chr05	6100000	6200000	6150000	49.3559
bin_01212	Chr05	6200000	6300000	6250000	50.2415
bin_01213	Chr05	6300000	6400000	6350000	50.6441
bin_01214	Chr05	6400000	6500000	6450000	50.9662
bin_01215	Chr05	6500000	6600000	6550000	51.2077
bin_01216	Chr05	6600000	6700000	6650000	51.4493
bin_01217	Chr05	6700000	6800000	6750000	51.7713
bin_01218	Chr05	6800000	6900000	6850000	52.0129
bin_01219	Chr05	6900000	7000000	6950000	52.2544
bin_01220	Chr05	7000000	7100000	7050000	52.657
bin_01221	Chr05	7100000	7200000	7150000	52.7375
bin_01222	Chr05	7200000	7300000	7250000	53.0596
bin_01223	Chr05	7300000	7400000	7350000	53.3011
bin_01224	Chr05	7400000	7500000	7450000	53.7037
bin_01225	Chr05	7500000	7600000	7550000	53.7842
bin_01226	Chr05	7600000	7700000	7650000	53.8647
bin_01227	Chr05	7700000	7800000	7750000	54.0258
bin_01228	Chr05	7800000	8000000	7900000	54.3478
bin_01229	Chr05	8000000	8300000	8150000	54.4283
bin_01230	Chr05	8300000	8500000	8400000	54.6699
bin_01231	Chr05	8500000	8700000	8600000	54.7504
bin_01232	Chr05	8700000	8900000	8800000	54.8309
bin_01233	Chr05	8900000	9000000	8950000	54.9919
bin_01234	Chr05	9000000	9100000	9050000	55.314
bin_01235	Chr05	9100000	9300000	9200000	55.475
bin_01236	Chr05	9300000	9400000	9350000	55.5556
bin_01237	Chr05	9400000	9500000	9450000	55.7166
bin_01238	Chr05	9500000	9600000	9550000	55.9581
bin_01239	Chr05	9600000	9700000	9650000	56.0386
bin_01240	Chr05	9700000	9900000	9800000	56.1192
bin_01241	Chr05	9900000	10000000	9950000	56.2802
bin_01242	Chr05	10000000	10100000	10050000	56.4412
bin_01243	Chr05	10100000	10300000	10200000	56.5217
bin_01244	Chr05	10300000	11400000	10850000	56.6023
bin_01245	Chr05	11400000	11700000	11550000	56.6828
bin_01246	Chr05	11700000	12300000	12000000	56.7633
bin_01247	Chr05	12300000	12400000	12350000	56.8438
bin_01248	Chr05	12400000	12700000	12550000	57.0048
bin_01249	Chr05	12700000	13400000	13050000	57.0853
bin_01250	Chr05	13400000	14200000	13800000	57.1659
bin_01251	Chr05	14200000	14300000	14250000	57.2464
bin_01252	Chr05	14300000	15000000	14650000	57.3269
bin_01253	Chr05	15000000	15100000	15050000	57.4074
bin_01254	Chr05	15100000	15800000	15450000	57.5684
bin_01255	Chr05	15800000	17100000	16450000	57.649
bin_01256	Chr05	17100000	17300000	17200000	57.7295
bin_01257	Chr05	17300000	19300000	18300000	57.81
bin_01258	Chr05	19300000	22300000	20800000	57.8905
bin_01259	Chr05	22300000	27100000	24700000	57.971
bin_01260	Chr05	27100000	28000000	27550000	58.132
bin_01261	Chr05	28000000	28100000	28050000	58.2126
bin_01262	Chr05	28100000	28700000	28400000	58.3736
bin_01263	Chr05	28700000	28800000	28750000	58.5346
bin_01264	Chr05	28800000	29300000	29050000	58.6151
bin_01265	Chr05	29300000	29400000	29350000	58.6957
bin_01266	Chr05	29400000	29900000	29650000	58.7762
bin_01267	Chr05	29900000	30200000	30050000	59.0177
bin_01268	Chr05	30200000	30300000	30250000	59.0982
bin_01269	Chr05	30300000	30400000	30350000	59.1787
bin_01270	Chr05	30400000	30600000	30500000	59.2593
bin_01271	Chr05	30600000	30700000	30650000	59.5008
bin_01272	Chr05	30700000	30800000	30750000	60.1449
bin_01273	Chr05	30800000	30900000	30850000	60.7085
bin_01274	Chr05	30900000	31100000	31000000	61.1111
bin_01275	Chr05	31100000	31200000	31150000	61.2721
bin_01276	Chr05	31200000	31500000	31350000	61.3527
bin_01277	Chr05	31500000	31600000	31550000	61.5942
bin_01278	Chr05	31600000	31700000	31650000	61.7552
bin_01279	Chr05	31700000	31800000	31750000	61.9968
bin_01280	Chr05	31800000	31900000	31850000	62.1578
bin_01281	Chr05	31900000	32000000	31950000	62.5604
bin_01282	Chr05	32000000	32100000	32050000	63.0435
bin_01283	Chr05	32100000	32300000	32200000	63.124
bin_01284	Chr05	32300000	32400000	32350000	63.9291
bin_01285	Chr05	32400000	32500000	32450000	64.0902
bin_01286	Chr05	32500000	32700000	32600000	64.1707
bin_01287	Chr05	32700000	32800000	32750000	64.3317
bin_01288	Chr05	32800000	32900000	32850000	64.6538
bin_01289	Chr05	32900000	33000000	32950000	64.7343
bin_01290	Chr05	33000000	33100000	33050000	65.1369
bin_01291	Chr05	33100000	33200000	33150000	65.5395
bin_01292	Chr05	33200000	33800000	33500000	65.781
bin_01293	Chr05	33800000	33900000	33850000	65.8615
bin_01294	Chr05	33900000	34000000	33950000	66.0225
bin_01295	Chr05	34000000	34100000	34050000	66.1031
bin_01296	Chr05	34100000	34200000	34150000	66.4251
bin_01297	Chr05	34200000	34300000	34250000	67.0692
bin_01298	Chr05	34300000	34400000	34350000	67.2303
bin_01299	Chr05	34400000	34500000	34450000	67.7939
bin_01300	Chr05	34500000	34600000	34550000	68.3575
bin_01301	Chr05	34600000	34700000	34650000	68.599
bin_01302	Chr05	34700000	34800000	34750000	69.2432
bin_01303	Chr05	34800000	34900000	34850000	70.0483
bin_01304	Chr05	34900000	35000000	34950000	70.3704
bin_01305	Chr05	35000000	35100000	35050000	71.4976
bin_01306	Chr05	35100000	35200000	35150000	73.6715
bin_01307	Chr05	35200000	35300000	35250000	74.3961
bin_01308	Chr05	35300000	35400000	35350000	75.1208
bin_01309	Chr05	35400000	35500000	35450000	75.3623
bin_01310	Chr05	35500000	35600000	35550000	75.7649
bin_01311	Chr05	35600000	35700000	35650000	76.409
bin_01312	Chr05	35700000	35800000	35750000	76.8921
bin_01313	Chr05	35800000	35900000	35850000	78.2609
bin_01314	Chr05	35900000	36000000	35950000	78.9855
bin_01315	Chr05	36000000	36100000	36050000	79.7907
bin_01316	Chr05	36100000	36200000	36150000	80.9179
bin_01317	Chr05	36200000	36300000	36250000	82.7697
bin_01318	Chr05	36300000	36400000	36350000	83.5749
bin_01319	Chr05	36400000	36500000	36450000	84.6216
bin_01320	Chr05	36500000	36600000	36550000	85.9903
bin_01321	Chr05	36600000	36700000	36650000	86.4734
bin_01322	Chr05	36700000	36800000	36750000	86.9565
bin_01323	Chr05	36800000	36900000	36850000	87.7617
bin_01324	Chr05	36900000	37000000	36950000	87.9227
bin_01325	Chr05	37000000	37100000	37050000	90.0966
bin_01326	Chr05	37100000	37200000	37150000	90.4187
bin_01327	Chr05	37200000	37300000	37250000	91.4654
bin_01328	Chr05	37300000	37400000	37350000	92.1095
bin_01329	Chr05	37400000	37500000	37450000	92.4316
bin_01330	Chr05	37500000	37600000	37550000	93.8003
bin_01331	Chr05	37600000	37700000	37650000	95.0081
bin_01332	Chr05	37700000	37800000	37750000	95.7327
bin_01333	Chr05	37800000	37900000	37850000	96.6184
bin_01334	Chr05	37900000	38000000	37950000	97.1014
bin_01335	Chr05	38000000	38100000	38050000	97.5845
bin_01336	Chr05	38100000	38200000	38150000	97.7456
bin_01337	Chr05	38200000	38400000	38300000	100.9662
bin_01338	Chr05	38400000	38500000	38450000	101.7713
bin_01339	Chr05	38500000	38600000	38550000	102.8986
bin_01340	Chr05	38600000	38700000	38650000	103.5427
bin_01341	Chr05	38700000	38800000	38750000	104.5894
bin_01342	Chr05	38800000	38900000	38850000	105.7971
bin_01343	Chr05	38900000	39000000	38950000	106.3607
bin_01344	Chr05	39000000	39100000	39050000	107.8905
bin_01345	Chr05	39100000	39200000	39150000	108.132
bin_01346	Chr05	39200000	39300000	39250000	108.4541
bin_01347	Chr05	39300000	39400000	39350000	109.2593
bin_01348	Chr05	39400000	39500000	39450000	110.467
bin_01349	Chr05	39500000	39600000	39550000	110.9501
bin_01350	Chr05	39600000	39700000	39650000	111.9968
bin_01351	Chr05	39700000	39800000	39750000	113.285
bin_01352	Chr05	39800000	39900000	39850000	114.0097
bin_01353	Chr05	39900000	40000000	39950000	114.6538
bin_01354	Chr05	40000000	40100000	40050000	115.781
bin_01355	Chr05	40100000	40200000	40150000	116.5056
bin_01356	Chr05	40200000	40300000	40250000	116.6667
bin_01357	Chr05	40300000	40400000	40350000	118.277
bin_01358	Chr05	40400000	40500000	40450000	118.599
bin_01359	Chr05	40500000	40600000	40550000	119.3237
bin_01360	Chr05	40600000	40700000	40650000	119.8873
bin_01361	Chr05	40700000	40800000	40750000	120.6924
bin_01362	Chr05	40800000	40900000	40850000	121.256
bin_01363	Chr05	40900000	41000000	40950000	121.4976
bin_01364	Chr05	41000000	41100000	41050000	121.9002
bin_01365	Chr05	41100000	41200000	41150000	122.1417
bin_01366	Chr05	41200000	41300000	41250000	123.2689
bin_01367	Chr05	41300000	41400000	41350000	124.2351
bin_01368	Chr05	41400000	41500000	41450000	125.1208
bin_01369	Chr05	41500000	41600000	41550000	126.0064
bin_01370	Chr05	41600000	41700000	41650000	126.248
bin_01371	Chr05	41700000	41800000	41750000	126.9726
bin_01372	Chr05	41800000	41900000	41850000	128.1804
bin_01373	Chr05	41900000	42000000	41950000	130.5153
bin_01374	Chr05	42000000	42100000	42050000	131.3205
bin_01375	Chr05	42100000	42200000	42150000	131.8841
bin_01376	Chr05	42200000	42300000	42250000	132.9308
bin_01377	Chr05	42300000	42500000	42400000	133.2528
bin_01378	Chr05	42500000	42600000	42550000	133.8969
bin_01379	Chr05	42600000	42700000	42650000	135.4267
bin_01380	Chr05	42700000	42800000	42750000	135.5878
bin_01381	Chr05	42800000	42900000	42850000	136.0709
bin_01382	Chr05	42900000	43000000	42950000	137.1176
bin_01383	Chr05	43000000	43100000	43050000	137.5201
bin_01384	Chr05	43100000	43200000	43150000	137.7617
bin_01385	Chr05	43200000	43300000	43250000	139.694
bin_01386	Chr05	43300000	43400000	43350000	140.9018
bin_01387	Chr05	43400000	43500000	43450000	142.029
bin_01388	Chr05	43500000	43600000	43550000	142.8341
bin_01389	Chr05	43600000	43700000	43650000	144.525
bin_01390	Chr05	43700000	43800000	43750000	145.0886
bin_01391	Chr05	43800000	43900000	43850000	145.4911
bin_01392	Chr05	43900000	44100000	44000000	146.3768
bin_01393	Chr05	44100000	44200000	44150000	147.2625
bin_01394	Chr05	44200000	44300000	44250000	147.504
bin_01395	Chr05	44300000	44400000	44350000	148.3897
bin_01396	Chr05	44400000	44500000	44450000	149.1948
bin_01397	Chr05	44500000	44600000	44550000	149.6779
bin_01398	Chr05	44600000	44700000	44650000	150.3221
bin_01399	Chr05	44700000	44800000	44750000	150.4831
bin_01400	Chr05	44800000	44900000	44850000	151.0467
bin_01401	Chr05	44900000	45000000	44950000	151.8519
bin_01402	Chr05	45000000	45100000	45050000	152.3349
bin_01403	Chr05	45100000	45200000	45150000	153.2206
bin_01404	Chr05	45200000	45299532	45249766	153.8647
bin_01405	Chr06	1	500000	250000	0.0
bin_01406	Chr06	500000	600000	550000	0.4026
bin_01407	Chr06	600000	700000	650000	0.6441
bin_01408	Chr06	700000	800000	750000	0.8857
bin_01409	Chr06	800000	900000	850000	1.2882
bin_01410	Chr06	900000	1000000	950000	1.5298
bin_01411	Chr06	1000000	1100000	1050000	1.8519
bin_01412	Chr06	1100000	1200000	1150000	2.4155
bin_01413	Chr06	1200000	1300000	1250000	2.818
bin_01414	Chr06	1300000	1400000	1350000	3.3816
bin_01415	Chr06	1400000	1500000	1450000	3.9452
bin_01416	Chr06	1500000	1600000	1550000	4.4283
bin_01417	Chr06	1600000	1700000	1650000	5.2335
bin_01418	Chr06	1700000	1800000	1750000	5.6361
bin_01419	Chr06	1800000	1900000	1850000	5.8776
bin_01420	Chr06	1900000	2000000	1950000	7.0048
bin_01421	Chr06	2000000	2100000	2050000	8.132
bin_01422	Chr06	2100000	2200000	2150000	10.2254
bin_01423	Chr06	2200000	2300000	2250000	10.789
bin_01424	Chr06	2300000	2400000	2350000	11.5942
bin_01425	Chr06	2400000	2500000	2450000	12.3994
bin_01426	Chr06	2500000	2600000	2550000	13.0435
bin_01427	Chr06	2600000	2700000	2650000	15.62
bin_01428	Chr06	2700000	2800000	2750000	15.942
bin_01429	Chr06	2800000	2900000	2850000	16.4251
bin_01430	Chr06	2900000	3000000	2950000	19.5652
bin_01431	Chr06	3000000	3100000	3050000	20.0483
bin_01432	Chr06	3100000	3200000	3150000	20.1288
bin_01433	Chr06	3200000	3300000	3250000	21.4171
bin_01434	Chr06	3300000	3400000	3350000	22.5443
bin_01435	Chr06	3400000	3500000	3450000	23.5105
bin_01436	Chr06	3500000	3600000	3550000	24.3156
bin_01437	Chr06	3600000	3700000	3650000	26.57
bin_01438	Chr06	3700000	3800000	3750000	27.2142
bin_01439	Chr06	3800000	3900000	3850000	27.4557
bin_01440	Chr06	3900000	4000000	3950000	27.6973
bin_01441	Chr06	4000000	4100000	4050000	28.5024
bin_01442	Chr06	4100000	4200000	4150000	29.1465
bin_01443	Chr06	4200000	4300000	4250000	29.3881
bin_01444	Chr06	4300000	4400000	4350000	30.1127
bin_01445	Chr06	4400000	4500000	4450000	30.7568
bin_01446	Chr06	4500000	4600000	4550000	31.0789
bin_01447	Chr06	4600000	4700000	4650000	31.2399
bin_01448	Chr06	4700000	4800000	4750000	32.2061
bin_01449	Chr06	4800000	4900000	4850000	33.5749
bin_01450	Chr06	4900000	5000000	4950000	34.2995
bin_01451	Chr06	5000000	5100000	5050000	34.7021
bin_01452	Chr06	5100000	5200000	5150000	35.6683
bin_01453	Chr06	5200000	5300000	5250000	36.4734
bin_01454	Chr06	5300000	5400000	5350000	36.876
bin_01455	Chr06	5400000	5500000	5450000	37.1981
bin_01456	Chr06	5500000	5600000	5550000	37.6812
bin_01457	Chr06	5600000	5700000	5650000	38.1643
bin_01458	Chr06	5700000	5800000	5750000	38.9694
bin_01459	Chr06	5800000	5900000	5850000	39.2915
bin_01460	Chr06	5900000	6000000	5950000	39.6135
bin_01461	Chr06	6000000	6100000	6050000	41.3849
bin_01462	Chr06	6100000	6200000	6150000	42.2705
bin_01463	Chr06	6200000	6300000	6250000	42.8341
bin_01464	Chr06	6300000	6400000	6350000	43.6393
bin_01465	Chr06	6400000	6500000	6450000	43.9614
bin_01466	Chr06	6500000	6600000	6550000	44.4444
bin_01467	Chr06	6600000	6700000	6650000	44.9275
bin_01468	Chr06	6700000	6800000	6750000	45.5717
bin_01469	Chr06	6800000	6900000	6850000	46.2963
bin_01470	Chr06	6900000	7000000	6950000	46.5378
bin_01471	Chr06	7000000	7100000	7050000	47.2625
bin_01472	Chr06	7100000	7200000	7150000	47.7456
bin_01473	Chr06	7200000	7300000	7250000	48.5507
bin_01474	Chr06	7300000	7400000	7350000	49.1948
bin_01475	Chr06	7400000	7500000	7450000	49.6779
bin_01476	Chr06	7500000	7600000	7550000	50.161
bin_01477	Chr06	7600000	7700000	7650000	50.5636
bin_01478	Chr06	7700000	7800000	7750000	51.0467
bin_01479	Chr06	7800000	7900000	7850000	51.4493
bin_01480	Chr06	7900000	8000000	7950000	51.7713
bin_01481	Chr06	8000000	8100000	8050000	52.4155
bin_01482	Chr06	8100000	8200000	8150000	52.657
bin_01483	Chr06	8200000	8300000	8250000	53.0596
bin_01484	Chr06	8300000	8400000	8350000	53.6232
bin_01485	Chr06	8400000	8500000	8450000	54.2673
bin_01486	Chr06	8500000	8600000	8550000	54.8309
bin_01487	Chr06	8600000	8700000	8650000	54.9919
bin_01488	Chr06	8700000	8800000	8750000	55.2335
bin_01489	Chr06	8800000	8900000	8850000	55.475
bin_01490	Chr06	8900000	9000000	8950000	55.9581
bin_01491	Chr06	9000000	9100000	9050000	56.9243
bin_01492	Chr06	9100000	9200000	9150000	57.4879
bin_01493	Chr06	9200000	9300000	9250000	57.7295
bin_01494	Chr06	9300000	9400000	9350000	58.2931
bin_01495	Chr06	9400000	9500000	9450000	58.7762
bin_01496	Chr06	9500000	9600000	9550000	59.0982
bin_01497	Chr06	9600000	9700000	9650000	59.9034
bin_01498	Chr06	9700000	9800000	9750000	60.628
bin_01499	Chr06	9800000	9900000	9850000	60.8696
bin_01500	Chr06	9900000	10000000	9950000	61.0306
bin_01501	Chr06	10000000	10100000	10050000	61.1111
bin_01502	Chr06	10100000	10200000	10150000	61.5137
bin_01503	Chr06	10200000	10300000	10250000	63.0435
bin_01504	Chr06	10300000	10400000	10350000	63.9291
bin_01505	Chr06	10400000	10500000	10450000	64.3317
bin_01506	Chr06	10500000	10600000	10550000	64.8148
bin_01507	Chr06	10600000	10700000	10650000	65.781
bin_01508	Chr06	10700000	10800000	10750000	66.3446
bin_01509	Chr06	10800000	10900000	10850000	67.2303
bin_01510	Chr06	10900000	11000000	10950000	67.5523
bin_01511	Chr06	11000000	11100000	11050000	67.7134
bin_01512	Chr06	11100000	11200000	11150000	68.438
bin_01513	Chr06	11200000	11300000	11250000	69.3237
bin_01514	Chr06	11300000	11400000	11350000	69.6457
bin_01515	Chr06	11400000	11500000	11450000	69.7262
bin_01516	Chr06	11500000	11600000	11550000	69.8068
bin_01517	Chr06	11600000	11700000	11650000	70.4509
bin_01518	Chr06	11700000	11800000	11750000	71.095
bin_01519	Chr06	11800000	11900000	11850000	71.9002
bin_01520	Chr06	11900000	12000000	11950000	72.0612
bin_01521	Chr06	12000000	12100000	12050000	72.7053
bin_01522	Chr06	12100000	12200000	12150000	73.591
bin_01523	Chr06	12200000	12300000	12250000	74.3961
bin_01524	Chr06	12300000	12400000	12350000	74.8792
bin_01525	Chr06	12400000	12500000	12450000	75.2013
bin_01526	Chr06	12500000	12600000	12550000	75.4428
bin_01527	Chr06	12600000	12700000	12650000	76.1675
bin_01528	Chr06	12700000	12800000	12750000	77.0531
bin_01529	Chr06	12800000	12900000	12850000	77.6167
bin_01530	Chr06	12900000	13000000	12950000	78.4219
bin_01531	Chr06	13000000	13100000	13050000	79.3076
bin_01532	Chr06	13100000	13200000	13150000	79.7907
bin_01533	Chr06	13200000	13300000	13250000	80.5958
bin_01534	Chr06	13300000	13400000	13350000	81.0789
bin_01535	Chr06	13400000	13500000	13450000	81.723
bin_01536	Chr06	13500000	13600000	13550000	82.8502
bin_01537	Chr06	13600000	13700000	13650000	84.6216
bin_01538	Chr06	13700000	13800000	13750000	84.7826
bin_01539	Chr06	13800000	13900000	13850000	85.1047
bin_01540	Chr06	13900000	14000000	13950000	85.6683
bin_01541	Chr06	14000000	14100000	14050000	88.5668
bin_01542	Chr06	14100000	14200000	14150000	88.8084
bin_01543	Chr06	14200000	14400000	14300000	89.8551
bin_01544	Chr06	14400000	14500000	14450000	90.4992
bin_01545	Chr06	14500000	14600000	14550000	91.3043
bin_01546	Chr06	14600000	14700000	14650000	92.029
bin_01547	Chr06	14700000	14800000	14750000	92.2705
bin_01548	Chr06	14800000	14900000	14850000	93.5588
bin_01549	Chr06	14900000	15000000	14950000	95.1691
bin_01550	Chr06	15000000	15100000	15050000	96.7794
bin_01551	Chr06	15100000	15200000	15150000	98.7118
bin_01552	Chr06	15200000	15300000	15250000	99.839
bin_01553	Chr06	15300000	15400000	15350000	100.8857
bin_01554	Chr06	15400000	15500000	15450000	101.5298
bin_01555	Chr06	15500000	15600000	15550000	102.3349
bin_01556	Chr06	15600000	15700000	15650000	103.9452
bin_01557	Chr06	15700000	15800000	15750000	105.3945
bin_01558	Chr06	15800000	15900000	15850000	105.8776
bin_01559	Chr06	15900000	16000000	15950000	109.2593
bin_01560	Chr06	16000000	16100000	16050000	110.0644
bin_01561	Chr06	16100000	16200000	16150000	110.5475
bin_01562	Chr06	16200000	16300000	16250000	111.6747
bin_01563	Chr06	16300000	16400000	16350000	111.7552
bin_01564	Chr06	16400000	16500000	16450000	113.0435
bin_01565	Chr06	16500000	16600000	16550000	113.3655
bin_01566	Chr06	16600000	16700000	16650000	114.3317
bin_01567	Chr06	16700000	16800000	16750000	115.4589
bin_01568	Chr06	16800000	16900000	16850000	116.1836
bin_01569	Chr06	16900000	17000000	16950000	117.1498
bin_01570	Chr06	17000000	17100000	17050000	118.1965
bin_01571	Chr06	17100000	17200000	17150000	118.9211
bin_01572	Chr06	17200000	17300000	17250000	120.1288
bin_01573	Chr06	17300000	17400000	17350000	120.5314
bin_01574	Chr06	17400000	17500000	17450000	121.095
bin_01575	Chr06	17500000	17600000	17550000	121.7391
bin_01576	Chr06	17600000	17700000	17650000	122.1417
bin_01577	Chr06	17700000	17800000	17750000	122.5443
bin_01578	Chr06	17800000	17900000	17850000	122.8663
bin_01579	Chr06	17900000	18000000	17950000	123.1079
bin_01580	Chr06	18000000	18100000	18050000	123.2689
bin_01581	Chr06	18100000	18200000	18150000	123.3494
bin_01582	Chr06	18200000	18300000	18250000	123.43
bin_01583	Chr06	18300000	18400000	18350000	123.5105
bin_01584	Chr06	18400000	18500000	18450000	123.6715
bin_01585	Chr06	18500000	18600000	18550000	123.8325
bin_01586	Chr06	18600000	18700000	18650000	124.6377
bin_01587	Chr06	18700000	18800000	18750000	124.7987
bin_01588	Chr06	18800000	18900000	18850000	124.9597
bin_01589	Chr06	18900000	19000000	18950000	125.0403
bin_01590	Chr06	19000000	19100000	19050000	125.2818
bin_01591	Chr06	19100000	19200000	19150000	125.5233
bin_01592	Chr06	19200000	19300000	19250000	125.6844
bin_01593	Chr06	19300000	19600000	19450000	125.9259
bin_01594	Chr06	19600000	19700000	19650000	126.087
bin_01595	Chr06	19700000	20100000	19900000	126.248
bin_01596	Chr06	20100000	20400000	20250000	126.4895
bin_01597	Chr06	20400000	20600000	20500000	126.7311
bin_01598	Chr06	20600000	20900000	20750000	126.8921
bin_01599	Chr06	20900000	21000000	20950000	127.3752
bin_01600	Chr06	21000000	21200000	21100000	127.7778
bin_01601	Chr06	21200000	21400000	21300000	127.8583
bin_01602	Chr06	21400000	21500000	21450000	128.0193
bin_01603	Chr06	21500000	21600000	21550000	128.1804
bin_01604	Chr06	21600000	21900000	21750000	128.2609
bin_01605	Chr06	21900000	22000000	21950000	128.4219
bin_01606	Chr06	22000000	22100000	22050000	128.5829
bin_01607	Chr06	22100000	22400000	22250000	128.744
bin_01608	Chr06	22400000	24300000	23350000	128.905
bin_01609	Chr06	24300000	24800000	24550000	129.066
bin_01610	Chr06	24800000	25800000	25300000	129.1465
bin_01611	Chr06	25800000	28300000	27050000	129.2271
bin_01612	Chr06	28300000	28600000	28450000	129.3881
bin_01613	Chr06	28600000	29800000	29200000	129.5491
bin_01614	Chr06	29800000	34700000	32250000	129.6296
bin_01615	Chr06	34700000	34900000	34800000	129.7101
bin_01616	Chr06	34900000	35900000	35400000	129.7907
bin_01617	Chr06	35900000	36000000	35950000	129.8712
bin_01618	Chr06	36000000	38400000	37200000	129.9517
bin_01619	Chr06	38400000	38600000	38500000	130.1127
bin_01620	Chr06	38600000	38700000	38650000	130.1932
bin_01621	Chr06	38700000	38800000	38750000	130.2738
bin_01622	Chr06	38800000	39000000	38900000	130.3543
bin_01623	Chr06	39000000	39100000	39050000	130.4348
bin_01624	Chr06	39100000	39200000	39150000	130.5958
bin_01625	Chr06	39200000	39700000	39450000	130.8374
bin_01626	Chr06	39700000	39900000	39800000	130.9984
bin_01627	Chr06	39900000	40300000	40100000	131.1594
bin_01628	Chr06	40300000	40400000	40350000	131.2399
bin_01629	Chr06	40400000	40700000	40550000	131.3205
bin_01630	Chr06	40700000	41700000	41200000	131.401
bin_01631	Chr06	41700000	41800000	41750000	131.6425
bin_01632	Chr06	41800000	42000000	41900000	131.723
bin_01633	Chr06	42000000	42200000	42100000	131.9646
bin_01634	Chr06	42200000	42300000	42250000	132.1256
bin_01635	Chr06	42300000	42400000	42350000	132.2866
bin_01636	Chr06	42400000	42500000	42450000	132.8502
bin_01637	Chr06	42500000	42600000	42550000	133.0918
bin_01638	Chr06	42600000	42700000	42650000	133.1723
bin_01639	Chr06	42700000	43000000	42850000	133.3333
bin_01640	Chr06	43000000	43100000	43050000	133.4138
bin_01641	Chr06	43100000	43400000	43250000	133.4944
bin_01642	Chr06	43400000	43600000	43500000	133.5749
bin_01643	Chr06	43600000	44000000	43800000	133.6554
bin_01644	Chr06	44000000	44200000	44100000	133.8164
bin_01645	Chr06	44200000	44300000	44250000	134.058
bin_01646	Chr06	44300000	44400000	44350000	134.219
bin_01647	Chr06	44400000	44500000	44450000	134.2995
bin_01648	Chr06	44500000	44700000	44600000	134.38
bin_01649	Chr06	44700000	44800000	44750000	134.6216
bin_01650	Chr06	44800000	45000000	44900000	134.7021
bin_01651	Chr06	45000000	45200000	45100000	134.7826
bin_01652	Chr06	45200000	45300000	45250000	135.1047
bin_01653	Chr06	45300000	45400000	45350000	135.1852
bin_01654	Chr06	45400000	45500000	45450000	136.0709
bin_01655	Chr06	45500000	45600000	45550000	136.3929
bin_01656	Chr06	45600000	45700000	45650000	136.5539
bin_01657	Chr06	45700000	45800000	45750000	136.715
bin_01658	Chr06	45800000	45900000	45850000	136.9565
bin_01659	Chr06	45900000	46000000	45950000	137.1981
bin_01660	Chr06	46000000	46100000	46050000	137.6006
bin_01661	Chr06	46100000	46300000	46200000	137.9227
bin_01662	Chr06	46300000	46400000	46350000	138.4863
bin_01663	Chr06	46400000	46700000	46550000	138.8084
bin_01664	Chr06	46700000	46900000	46800000	139.372
bin_01665	Chr06	46900000	47000000	46950000	139.694
bin_01666	Chr06	47000000	47100000	47050000	140.0966
bin_01667	Chr06	47100000	47200000	47150000	140.2576
bin_01668	Chr06	47200000	47300000	47250000	140.6602
bin_01669	Chr06	47300000	47400000	47350000	140.9823
bin_01670	Chr06	47400000	47500000	47450000	141.3043
bin_01671	Chr06	47500000	47600000	47550000	142.1095
bin_01672	Chr06	47600000	47700000	47650000	143.0757
bin_01673	Chr06	47700000	47800000	47750000	144.686
bin_01674	Chr06	47800000	48000000	47900000	145.0886
bin_01675	Chr06	48000000	48100000	48050000	145.6522
bin_01676	Chr06	48100000	48200000	48150000	146.1353
bin_01677	Chr06	48200000	48300000	48250000	146.5378
bin_01678	Chr06	48300000	48400000	48350000	147.182
bin_01679	Chr06	48400000	48500000	48450000	147.504
bin_01680	Chr06	48500000	48600000	48550000	147.7456
bin_01681	Chr06	48600000	48700000	48650000	148.2287
bin_01682	Chr06	48700000	48800000	48750000	149.3559
bin_01683	Chr06	48800000	48900000	48850000	149.839
bin_01684	Chr06	48900000	49000000	48950000	150.3221
bin_01685	Chr06	49000000	49100000	49050000	150.9662
bin_01686	Chr06	49100000	49200000	49150000	151.5298
bin_01687	Chr06	49200000	49400000	49300000	152.657
bin_01688	Chr06	49400000	49500000	49450000	153.1401
bin_01689	Chr06	49500000	49600000	49550000	157.4879
bin_01690	Chr06	49600000	49700000	49650000	157.649
bin_01691	Chr06	49700000	49800000	49750000	158.132
bin_01692	Chr06	49800000	49900000	49850000	159.4203
bin_01693	Chr06	49900000	50000000	49950000	161.5137
bin_01694	Chr06	50000000	50100000	50050000	162.7214
bin_01695	Chr06	50100000	50200000	50150000	163.9291
bin_01696	Chr06	50200000	50300000	50250000	164.8148
bin_01697	Chr06	50300000	50400000	50350000	166.5862
bin_01698	Chr06	50400000	50500000	50450000	167.8744
bin_01699	Chr06	50500000	50600000	50550000	168.438
bin_01700	Chr06	50600000	50800000	50700000	169.4847
bin_01701	Chr06	50800000	50900000	50850000	171.095
bin_01702	Chr06	50900000	51000000	50950000	171.4171
bin_01703	Chr06	51000000	51100000	51050000	172.3027
bin_01704	Chr06	51100000	51200000	51150000	173.1079
bin_01705	Chr06	51200000	51300000	51250000	173.6715
bin_01706	Chr06	51300000	51400000	51350000	175.5233
bin_01707	Chr06	51400000	51500000	51450000	177.1337
bin_01708	Chr06	51500000	51600000	51550000	178.6634
bin_01709	Chr06	51600000	51700000	51650000	178.9855
bin_01710	Chr06	51700000	51800000	51750000	181.0789
bin_01711	Chr06	51800000	51900000	51850000	182.5282
bin_01712	Chr06	51900000	51952677	51926338	184.058
bin_01713	Chr07	1	300000	150000	0.0
bin_01714	Chr07	300000	400000	350000	0.161
bin_01715	Chr07	400000	500000	450000	0.3221
bin_01716	Chr07	500000	600000	550000	0.8052
bin_01717	Chr07	600000	700000	650000	1.7713
bin_01718	Chr07	700000	800000	750000	2.0129
bin_01719	Chr07	800000	900000	850000	2.3349
bin_01720	Chr07	900000	1000000	950000	2.496
bin_01721	Chr07	1000000	1100000	1050000	2.5765
bin_01722	Chr07	1100000	1200000	1150000	3.4622
bin_01723	Chr07	1200000	1300000	1250000	3.9452
bin_01724	Chr07	1300000	1400000	1350000	4.5089
bin_01725	Chr07	1400000	1500000	1450000	5.314
bin_01726	Chr07	1500000	1600000	1550000	6.6023
bin_01727	Chr07	1600000	1700000	1650000	7.971
bin_01728	Chr07	1700000	1800000	1750000	9.5008
bin_01729	Chr07	1800000	2000000	1900000	10.628
bin_01730	Chr07	2000000	2100000	2050000	11.1916
bin_01731	Chr07	2100000	2200000	2150000	11.8357
bin_01732	Chr07	2200000	2300000	2250000	13.0435
bin_01733	Chr07	2300000	2400000	2350000	13.5266
bin_01734	Chr07	2400000	2500000	2450000	14.5733
bin_01735	Chr07	2500000	2600000	2550000	15.942
bin_01736	Chr07	2600000	2700000	2650000	16.4251
bin_01737	Chr07	2700000	2800000	2750000	17.5523
bin_01738	Chr07	2800000	2900000	2850000	18.1965
bin_01739	Chr07	2900000	3000000	2950000	18.9211
bin_01740	Chr07	3000000	3100000	3050000	19.2432
bin_01741	Chr07	3100000	3200000	3150000	20.0483
bin_01742	Chr07	3200000	3300000	3250000	21.4171
bin_01743	Chr07	3300000	3400000	3350000	23.9936
bin_01744	Chr07	3400000	3500000	3450000	24.9597
bin_01745	Chr07	3500000	3600000	3550000	26.0064
bin_01746	Chr07	3600000	3700000	3650000	27.2142
bin_01747	Chr07	3700000	3800000	3750000	27.9388
bin_01748	Chr07	3800000	3900000	3850000	28.5829
bin_01749	Chr07	3900000	4000000	3950000	28.744
bin_01750	Chr07	4000000	4100000	4050000	29.9517
bin_01751	Chr07	4100000	4200000	4150000	30.5153
bin_01752	Chr07	4200000	4300000	4250000	30.8374
bin_01753	Chr07	4300000	4400000	4350000	31.6425
bin_01754	Chr07	4400000	4500000	4450000	32.8502
bin_01755	Chr07	4500000	4600000	4550000	33.4138
bin_01756	Chr07	4600000	4700000	4650000	34.1385
bin_01757	Chr07	4700000	4800000	4750000	34.6216
bin_01758	Chr07	4800000	4900000	4850000	35.0242
bin_01759	Chr07	4900000	5000000	4950000	36.0709
bin_01760	Chr07	5000000	5100000	5050000	36.9565
bin_01761	Chr07	5100000	5200000	5150000	37.7617
bin_01762	Chr07	5200000	5300000	5250000	38.4058
bin_01763	Chr07	5300000	5400000	5350000	38.8889
bin_01764	Chr07	5400000	5500000	5450000	39.211
bin_01765	Chr07	5500000	5600000	5550000	39.372
bin_01766	Chr07	5600000	5700000	5650000	39.533
bin_01767	Chr07	5700000	5800000	5750000	40.0161
bin_01768	Chr07	5800000	5900000	5850000	40.0966
bin_01769	Chr07	5900000	6000000	5950000	40.2576
bin_01770	Chr07	6000000	6200000	6100000	40.4187
bin_01771	Chr07	6200000	6300000	6250000	40.6602
bin_01772	Chr07	6300000	6700000	6500000	40.7407
bin_01773	Chr07	6700000	6800000	6750000	40.9823
bin_01774	Chr07	6800000	6900000	6850000	41.2238
bin_01775	Chr07	6900000	7000000	6950000	41.3849
bin_01776	Chr07	7000000	7100000	7050000	41.5459
bin_01777	Chr07	7100000	7200000	7150000	41.7069
bin_01778	Chr07	7200000	7300000	7250000	42.19
bin_01779	Chr07	7300000	7400000	7350000	42.351
bin_01780	Chr07	7400000	7500000	7450000	42.7536
bin_01781	Chr07	7500000	7600000	7550000	43.0757
bin_01782	Chr07	7600000	7700000	7650000	43.6393
bin_01783	Chr07	7700000	7800000	7750000	44.2029
bin_01784	Chr07	7800000	7900000	7850000	45.0081
bin_01785	Chr07	7900000	8000000	7950000	46.0548
bin_01786	Chr07	8000000	8100000	8050000	47.7456
bin_01787	Chr07	8100000	8200000	8150000	47.9871
bin_01788	Chr07	8200000	8300000	8250000	48.7118
bin_01789	Chr07	8300000	8400000	8350000	49.3559
bin_01790	Chr07	8400000	8500000	8450000	50.161
bin_01791	Chr07	8500000	8600000	8550000	51.6908
bin_01792	Chr07	8600000	8700000	8650000	52.496
bin_01793	Chr07	8700000	8800000	8750000	53.3011
bin_01794	Chr07	8800000	9000000	8900000	53.6232
bin_01795	Chr07	9000000	9100000	9050000	54.4283
bin_01796	Chr07	9100000	9200000	9150000	54.7504
bin_01797	Chr07	9200000	9300000	9250000	54.9114
bin_01798	Chr07	9300000	9500000	9400000	55.153
bin_01799	Chr07	9500000	9600000	9550000	55.9581
bin_01800	Chr07	9600000	9700000	9650000	56.5217
bin_01801	Chr07	9700000	9800000	9750000	57.4074
bin_01802	Chr07	9800000	9900000	9850000	57.8905
bin_01803	Chr07	9900000	10100000	10000000	58.5346
bin_01804	Chr07	10100000	10200000	10150000	58.8567
bin_01805	Chr07	10200000	10300000	10250000	59.2593
bin_01806	Chr07	10300000	10400000	10350000	59.9839
bin_01807	Chr07	10400000	10500000	10450000	60.467
bin_01808	Chr07	10500000	10600000	10550000	61.8357
bin_01809	Chr07	10600000	10700000	10650000	61.9968
bin_01810	Chr07	10700000	10800000	10750000	62.2383
bin_01811	Chr07	10800000	10900000	10850000	62.6409
bin_01812	Chr07	10900000	11000000	10950000	62.8019
bin_01813	Chr07	11000000	11100000	11050000	63.2045
bin_01814	Chr07	11100000	11200000	11150000	63.3655
bin_01815	Chr07	11200000	11400000	11300000	63.6876
bin_01816	Chr07	11400000	11600000	11500000	63.7681
bin_01817	Chr07	11600000	11700000	11650000	63.8486
bin_01818	Chr07	11700000	11800000	11750000	63.9291
bin_01819	Chr07	11800000	12200000	12000000	64.0097
bin_01820	Chr07	12200000	12400000	12300000	64.1707
bin_01821	Chr07	12400000	12500000	12450000	64.2512
bin_01822	Chr07	12500000	12800000	12650000	64.5733
bin_01823	Chr07	12800000	13100000	12950000	64.6538
bin_01824	Chr07	13100000	13200000	13150000	64.7343
bin_01825	Chr07	13200000	13300000	13250000	64.8148
bin_01826	Chr07	13300000	13500000	13400000	65.0564
bin_01827	Chr07	13500000	13600000	13550000	65.2174
bin_01828	Chr07	13600000	13800000	13700000	65.2979
bin_01829	Chr07	13800000	13900000	13850000	65.4589
bin_01830	Chr07	13900000	14100000	14000000	65.5395
bin_01831	Chr07	14100000	14200000	14150000	66.1031
bin_01832	Chr07	14200000	14300000	14250000	66.2641
bin_01833	Chr07	14300000	14400000	14350000	66.3446
bin_01834	Chr07	14400000	14500000	14450000	66.4251
bin_01835	Chr07	14500000	14700000	14600000	66.7472
bin_01836	Chr07	14700000	14800000	14750000	66.8277
bin_01837	Chr07	14800000	14900000	14850000	67.8744
bin_01838	Chr07	14900000	15000000	14950000	68.438
bin_01839	Chr07	15000000	15100000	15050000	69.6457
bin_01840	Chr07	15100000	15200000	15150000	70.2899
bin_01841	Chr07	15200000	15300000	15250000	71.0145
bin_01842	Chr07	15300000	15400000	15350000	72.3027
bin_01843	Chr07	15400000	15500000	15450000	75.0403
bin_01844	Chr07	15500000	15600000	15550000	75.9259
bin_01845	Chr07	15600000	15700000	15650000	76.6506
bin_01846	Chr07	15700000	15800000	15750000	77.5362
bin_01847	Chr07	15800000	15900000	15850000	78.3414
bin_01848	Chr07	15900000	16000000	15950000	78.6634
bin_01849	Chr07	16000000	16100000	16050000	79.1465
bin_01850	Chr07	16100000	16200000	16150000	80.1932
bin_01851	Chr07	16200000	16300000	16250000	80.9984
bin_01852	Chr07	16300000	16400000	16350000	81.3205
bin_01853	Chr07	16400000	16500000	16450000	81.6425
bin_01854	Chr07	16500000	16600000	16550000	82.9308
bin_01855	Chr07	16600000	16700000	16650000	83.7359
bin_01856	Chr07	16700000	16800000	16750000	84.4605
bin_01857	Chr07	16800000	16900000	16850000	85.0242
bin_01858	Chr07	16900000	17000000	16950000	85.1852
bin_01859	Chr07	17000000	17100000	17050000	85.3462
bin_01860	Chr07	17100000	17200000	17150000	85.7488
bin_01861	Chr07	17200000	17300000	17250000	86.2319
bin_01862	Chr07	17300000	17400000	17350000	86.876
bin_01863	Chr07	17400000	17600000	17500000	87.1176
bin_01864	Chr07	17600000	17700000	17650000	87.3591
bin_01865	Chr07	17700000	17800000	17750000	87.6006
bin_01866	Chr07	17800000	17900000	17850000	87.8422
bin_01867	Chr07	17900000	18000000	17950000	88.7279
bin_01868	Chr07	18000000	18100000	18050000	89.2915
bin_01869	Chr07	18100000	18200000	18150000	89.8551
bin_01870	Chr07	18200000	18300000	18250000	90.0966
bin_01871	Chr07	18300000	18600000	18450000	90.6602
bin_01872	Chr07	18600000	18700000	18650000	90.7407
bin_01873	Chr07	18700000	18800000	18750000	90.9823
bin_01874	Chr07	18800000	18900000	18850000	91.1433
bin_01875	Chr07	18900000	19000000	18950000	91.2238
bin_01876	Chr07	19000000	19100000	19050000	91.5459
bin_01877	Chr07	19100000	19200000	19150000	91.9485
bin_01878	Chr07	19200000	19300000	19250000	92.7536
bin_01879	Chr07	19300000	19400000	19350000	92.9952
bin_01880	Chr07	19400000	19600000	19500000	93.2367
bin_01881	Chr07	19600000	19700000	19650000	93.5588
bin_01882	Chr07	19700000	19800000	19750000	93.6393
bin_01883	Chr07	19800000	19900000	19850000	93.8808
bin_01884	Chr07	19900000	20000000	19950000	93.9614
bin_01885	Chr07	20000000	20100000	20050000	94.0419
bin_01886	Chr07	20100000	20200000	20150000	94.1224
bin_01887	Chr07	20200000	20300000	20250000	94.2834
bin_01888	Chr07	20300000	20400000	20350000	94.3639
bin_01889	Chr07	20400000	20700000	20550000	94.525
bin_01890	Chr07	20700000	21100000	20900000	94.686
bin_01891	Chr07	21100000	21300000	21200000	94.7665
bin_01892	Chr07	21300000	21400000	21350000	94.847
bin_01893	Chr07	21400000	21800000	21600000	94.9275
bin_01894	Chr07	21800000	22200000	22000000	95.0886
bin_01895	Chr07	22200000	22300000	22250000	95.1691
bin_01896	Chr07	22300000	22500000	22400000	95.3301
bin_01897	Chr07	22500000	22800000	22650000	95.4106
bin_01898	Chr07	22800000	22900000	22850000	95.4911
bin_01899	Chr07	22900000	23100000	23000000	95.7327
bin_01900	Chr07	23100000	23200000	23150000	95.9742
bin_01901	Chr07	23200000	23500000	23350000	96.1353
bin_01902	Chr07	23500000	23900000	23700000	96.2158
bin_01903	Chr07	23900000	25700000	24800000	96.2963
bin_01904	Chr07	25700000	31100000	28400000	96.3768
bin_01905	Chr07	31100000	31900000	31500000	96.5378
bin_01906	Chr07	31900000	32000000	31950000	96.6184
bin_01907	Chr07	32000000	32600000	32300000	96.6989
bin_01908	Chr07	32600000	33800000	33200000	96.7794
bin_01909	Chr07	33800000	35600000	34700000	96.8599
bin_01910	Chr07	35600000	36800000	36200000	96.9404
bin_01911	Chr07	36800000	36900000	36850000	97.0209
bin_01912	Chr07	36900000	37000000	36950000	97.1014
bin_01913	Chr07	37000000	37100000	37050000	97.5845
bin_01914	Chr07	37100000	37200000	37150000	97.9066
bin_01915	Chr07	37200000	37300000	37250000	99.1143
bin_01916	Chr07	37300000	37400000	37350000	100.3221
bin_01917	Chr07	37400000	37500000	37450000	101.5298
bin_01918	Chr07	37500000	37600000	37550000	101.9324
bin_01919	Chr07	37600000	37700000	37650000	102.7375
bin_01920	Chr07	37700000	37800000	37750000	103.6232
bin_01921	Chr07	37800000	37900000	37850000	104.7504
bin_01922	Chr07	37900000	38000000	37950000	105.6361
bin_01923	Chr07	38000000	38100000	38050000	106.3607
bin_01924	Chr07	38100000	38200000	38150000	107.0853
bin_01925	Chr07	38200000	38300000	38250000	108.3736
bin_01926	Chr07	38300000	38400000	38350000	108.8567
bin_01927	Chr07	38400000	38500000	38450000	109.9034
bin_01928	Chr07	38500000	38600000	38550000	110.789
bin_01929	Chr07	38600000	38700000	38650000	112.4799
bin_01930	Chr07	38700000	38800000	38750000	113.2045
bin_01931	Chr07	38800000	38900000	38850000	113.8486
bin_01932	Chr07	38900000	39000000	38950000	114.6538
bin_01933	Chr07	39000000	39100000	39050000	115.942
bin_01934	Chr07	39100000	39200000	39150000	117.0692
bin_01935	Chr07	39200000	39300000	39250000	117.9549
bin_01936	Chr07	39300000	39400000	39350000	119.2432
bin_01937	Chr07	39400000	39500000	39450000	120.7729
bin_01938	Chr07	39500000	39600000	39550000	121.256
bin_01939	Chr07	39600000	39700000	39650000	121.9807
bin_01940	Chr07	39700000	39800000	39750000	122.5443
bin_01941	Chr07	39800000	39900000	39850000	123.43
bin_01942	Chr07	39900000	40000000	39950000	123.9936
bin_01943	Chr07	40000000	40100000	40050000	124.4767
bin_01944	Chr07	40100000	40200000	40150000	125.5233
bin_01945	Chr07	40200000	40300000	40250000	126.087
bin_01946	Chr07	40300000	40400000	40350000	126.8921
bin_01947	Chr07	40400000	40500000	40450000	127.4557
bin_01948	Chr07	40500000	40600000	40550000	128.0998
bin_01949	Chr07	40600000	40700000	40650000	128.5829
bin_01950	Chr07	40700000	40800000	40750000	129.066
bin_01951	Chr07	40800000	40900000	40850000	129.8712
bin_01952	Chr07	40900000	41000000	40950000	131.1594
bin_01953	Chr07	41000000	41100000	41050000	131.8035
bin_01954	Chr07	41100000	41200000	41150000	132.2061
bin_01955	Chr07	41200000	41300000	41250000	133.1723
bin_01956	Chr07	41300000	41400000	41350000	133.2528
bin_01957	Chr07	41400000	41500000	41450000	133.8164
bin_01958	Chr07	41500000	41600000	41550000	134.058
bin_01959	Chr07	41600000	41700000	41650000	134.2995
bin_01960	Chr07	41700000	41800000	41750000	134.5411
bin_01961	Chr07	41800000	41900000	41850000	135.0242
bin_01962	Chr07	41900000	42000000	41950000	135.4267
bin_01963	Chr07	42000000	42100000	42050000	135.6683
bin_01964	Chr07	42100000	42200000	42150000	136.3929
bin_01965	Chr07	42200000	42300000	42250000	137.6006
bin_01966	Chr07	42300000	42400000	42350000	137.9227
bin_01967	Chr07	42400000	42500000	42450000	138.1643
bin_01968	Chr07	42500000	42700000	42600000	138.5668
bin_01969	Chr07	42700000	42800000	42750000	138.6473
bin_01970	Chr07	42800000	42900000	42850000	139.1304
bin_01971	Chr07	42900000	43000000	42950000	139.2915
bin_01972	Chr07	43000000	43100000	43050000	139.533
bin_01973	Chr07	43100000	43200000	43150000	139.9356
bin_01974	Chr07	43200000	43300000	43250000	140.3382
bin_01975	Chr07	43300000	43400000	43350000	140.5797
bin_01976	Chr07	43400000	43700000	43550000	140.6602
bin_01977	Chr07	43700000	43800000	43750000	141.4654
bin_01978	Chr07	43800000	43900000	43850000	142.351
bin_01979	Chr07	43900000	44000000	43950000	144.1224
bin_01980	Chr07	44000000	44100000	44050000	144.2834
bin_01981	Chr07	44100000	44200000	44150000	144.7665
bin_01982	Chr07	44200000	44300000	44250000	145.8132
bin_01983	Chr07	44300000	44400000	44350000	146.5378
bin_01984	Chr07	44400000	44500000	44450000	147.8261
bin_01985	Chr07	44500000	44600000	44550000	148.8728
bin_01986	Chr07	44600000	44700000	44650000	150.3221
bin_01987	Chr07	44700000	44800000	44750000	151.2077
bin_01988	Chr07	44800000	44900000	44850000	151.5298
bin_01989	Chr07	44900000	45000000	44950000	152.3349
bin_01990	Chr07	45000000	45100000	45050000	153.5427
bin_01991	Chr07	45100000	45200000	45150000	154.1063
bin_01992	Chr07	45200000	45300000	45250000	155.2335
bin_01993	Chr07	45300000	45400000	45350000	155.7166
bin_01994	Chr07	45400000	45500000	45450000	156.5217
bin_01995	Chr07	45500000	45600000	45550000	157.0853
bin_01996	Chr07	45600000	45700000	45650000	157.971
bin_01997	Chr07	45700000	45800000	45750000	158.2126
bin_01998	Chr07	45800000	45900000	45850000	160.0644
bin_01999	Chr07	45900000	46000000	45950000	160.2254
bin_02000	Chr07	46000000	46100000	46050000	160.7085
bin_02001	Chr07	46100000	46200000	46150000	161.3527
bin_02002	Chr07	46200000	46300000	46250000	161.8357
bin_02003	Chr07	46300000	46400000	46350000	162.7214
bin_02004	Chr07	46400000	46500000	46450000	163.4461
bin_02005	Chr07	46500000	46590119	46545059	164.6538
bin_02006	Chr08	1	200000	100000	0.0
bin_02007	Chr08	200000	300000	250000	0.0805
bin_02008	Chr08	300000	400000	350000	0.3221
bin_02009	Chr08	400000	500000	450000	0.5636
bin_02010	Chr08	500000	600000	550000	0.8857
bin_02011	Chr08	600000	700000	650000	1.3688
bin_02012	Chr08	700000	800000	750000	1.8519
bin_02013	Chr08	800000	900000	850000	2.3349
bin_02014	Chr08	900000	1000000	950000	3.3011
bin_02015	Chr08	1000000	1100000	1050000	4.4283
bin_02016	Chr08	1100000	1200000	1150000	4.8309
bin_02017	Chr08	1200000	1300000	1250000	5.7166
bin_02018	Chr08	1300000	1400000	1350000	6.1997
bin_02019	Chr08	1400000	1500000	1450000	6.8438
bin_02020	Chr08	1500000	1600000	1550000	7.1659
bin_02021	Chr08	1600000	1700000	1650000	7.5684
bin_02022	Chr08	1700000	1800000	1750000	8.5346
bin_02023	Chr08	1800000	1900000	1850000	9.1787
bin_02024	Chr08	1900000	2000000	1950000	9.8229
bin_02025	Chr08	2000000	2100000	2050000	10.628
bin_02026	Chr08	2100000	2200000	2150000	11.1916
bin_02027	Chr08	2200000	2300000	2250000	11.4332
bin_02028	Chr08	2300000	2400000	2350000	12.8824
bin_02029	Chr08	2400000	2500000	2450000	14.4122
bin_02030	Chr08	2500000	2600000	2550000	15.781
bin_02031	Chr08	2600000	2700000	2650000	17.0692
bin_02032	Chr08	2700000	2800000	2750000	17.8744
bin_02033	Chr08	2800000	2900000	2850000	18.599
bin_02034	Chr08	2900000	3000000	2950000	18.7601
bin_02035	Chr08	3000000	3100000	3050000	19.4847
bin_02036	Chr08	3100000	3200000	3150000	20.2899
bin_02037	Chr08	3200000	3300000	3250000	20.4509
bin_02038	Chr08	3300000	3400000	3350000	20.8535
bin_02039	Chr08	3400000	3500000	3450000	21.9002
bin_02040	Chr08	3500000	3600000	3550000	22.3027
bin_02041	Chr08	3600000	3700000	3650000	22.8663
bin_02042	Chr08	3700000	3800000	3750000	23.0274
bin_02043	Chr08	3800000	3900000	3850000	24.2351
bin_02044	Chr08	3900000	4000000	3950000	25.1208
bin_02045	Chr08	4000000	4100000	4050000	25.4428
bin_02046	Chr08	4100000	4200000	4150000	26.087
bin_02047	Chr08	4200000	4300000	4250000	27.1337
bin_02048	Chr08	4300000	4400000	4350000	27.6973
bin_02049	Chr08	4400000	4500000	4450000	28.5024
bin_02050	Chr08	4500000	4600000	4550000	29.066
bin_02051	Chr08	4600000	4700000	4650000	29.3881
bin_02052	Chr08	4700000	4800000	4750000	30.0322
bin_02053	Chr08	4800000	4900000	4850000	31.1594
bin_02054	Chr08	4900000	5000000	4950000	31.723
bin_02055	Chr08	5000000	5100000	5050000	32.4477
bin_02056	Chr08	5100000	5200000	5150000	34.058
bin_02057	Chr08	5200000	5300000	5250000	34.6216
bin_02058	Chr08	5300000	5400000	5350000	35.0242
bin_02059	Chr08	5400000	5500000	5450000	35.9098
bin_02060	Chr08	5500000	5600000	5550000	36.3929
bin_02061	Chr08	5600000	5700000	5650000	36.9565
bin_02062	Chr08	5700000	5800000	5750000	38.2448
bin_02063	Chr08	5800000	5900000	5850000	38.8889
bin_02064	Chr08	5900000	6000000	5950000	39.4525
bin_02065	Chr08	6000000	6100000	6050000	40.0161
bin_02066	Chr08	6100000	6200000	6150000	40.4187
bin_02067	Chr08	6200000	6300000	6250000	40.8213
bin_02068	Chr08	6300000	6400000	6350000	41.2238
bin_02069	Chr08	6400000	6500000	6450000	41.3043
bin_02070	Chr08	6500000	6600000	6550000	42.19
bin_02071	Chr08	6600000	6700000	6650000	42.4316
bin_02072	Chr08	6700000	6800000	6750000	44.1224
bin_02073	Chr08	6800000	6900000	6850000	44.525
bin_02074	Chr08	6900000	7000000	6950000	44.9275
bin_02075	Chr08	7000000	7100000	7050000	46.5378
bin_02076	Chr08	7100000	7200000	7150000	46.6989
bin_02077	Chr08	7200000	7300000	7250000	47.343
bin_02078	Chr08	7300000	7400000	7350000	48.1481
bin_02079	Chr08	7400000	7500000	7450000	48.9533
bin_02080	Chr08	7500000	7600000	7550000	50.161
bin_02081	Chr08	7600000	7700000	7650000	50.2415
bin_02082	Chr08	7700000	7800000	7750000	51.0467
bin_02083	Chr08	7800000	7900000	7850000	52.0129
bin_02084	Chr08	7900000	8000000	7950000	52.3349
bin_02085	Chr08	8000000	8100000	8050000	52.496
bin_02086	Chr08	8100000	8200000	8150000	53.3816
bin_02087	Chr08	8200000	8300000	8250000	54.1868
bin_02088	Chr08	8300000	8400000	8350000	54.7504
bin_02089	Chr08	8400000	8500000	8450000	55.6361
bin_02090	Chr08	8500000	8700000	8600000	56.0386
bin_02091	Chr08	8700000	8800000	8750000	56.4412
bin_02092	Chr08	8800000	8900000	8850000	57.0048
bin_02093	Chr08	8900000	9000000	8950000	57.649
bin_02094	Chr08	9000000	9200000	9100000	58.3736
bin_02095	Chr08	9200000	9300000	9250000	58.8567
bin_02096	Chr08	9300000	9400000	9350000	59.5813
bin_02097	Chr08	9400000	9500000	9450000	59.8229
bin_02098	Chr08	9500000	9600000	9550000	60.306
bin_02099	Chr08	9600000	9700000	9650000	60.628
bin_02100	Chr08	9700000	9800000	9750000	61.1111
bin_02101	Chr08	9800000	9900000	9850000	61.7552
bin_02102	Chr08	9900000	10000000	9950000	62.4799
bin_02103	Chr08	10000000	10100000	10050000	63.0435
bin_02104	Chr08	10100000	10200000	10150000	63.4461
bin_02105	Chr08	10200000	10300000	10250000	64.2512
bin_02106	Chr08	10300000	10400000	10350000	65.1369
bin_02107	Chr08	10400000	10500000	10450000	65.8615
bin_02108	Chr08	10500000	10600000	10550000	66.1031
bin_02109	Chr08	10600000	10700000	10650000	66.8277
bin_02110	Chr08	10700000	10800000	10750000	67.6329
bin_02111	Chr08	10800000	10900000	10850000	68.277
bin_02112	Chr08	10900000	11000000	10950000	68.6795
bin_02113	Chr08	11000000	11100000	11050000	69.4042
bin_02114	Chr08	11100000	11200000	11150000	69.6457
bin_02115	Chr08	11200000	11300000	11250000	70.4509
bin_02116	Chr08	11300000	11400000	11350000	71.8196
bin_02117	Chr08	11400000	11500000	11450000	72.8663
bin_02118	Chr08	11500000	11600000	11550000	73.2689
bin_02119	Chr08	11600000	11700000	11650000	73.591
bin_02120	Chr08	11700000	11800000	11750000	74.3156
bin_02121	Chr08	11800000	11900000	11850000	74.9597
bin_02122	Chr08	11900000	12000000	11950000	75.4428
bin_02123	Chr08	12000000	12100000	12050000	76.087
bin_02124	Chr08	12100000	12200000	12150000	76.57
bin_02125	Chr08	12200000	12300000	12250000	77.2142
bin_02126	Chr08	12300000	12400000	12350000	78.1804
bin_02127	Chr08	12400000	12500000	12450000	79.1465
bin_02128	Chr08	12500000	12600000	12550000	79.8712
bin_02129	Chr08	12600000	12700000	12650000	80.1127
bin_02130	Chr08	12700000	12800000	12750000	80.5153
bin_02131	Chr08	12800000	12900000	12850000	80.9179
bin_02132	Chr08	12900000	13000000	12950000	81.723
bin_02133	Chr08	13000000	13100000	13050000	82.1256
bin_02134	Chr08	13100000	13200000	13150000	82.2061
bin_02135	Chr08	13200000	13300000	13250000	82.3671
bin_02136	Chr08	13300000	13400000	13350000	82.9308
bin_02137	Chr08	13400000	13500000	13450000	83.5749
bin_02138	Chr08	13500000	13700000	13600000	84.38
bin_02139	Chr08	13700000	13800000	13750000	85.1047
bin_02140	Chr08	13800000	13900000	13850000	85.6683
bin_02141	Chr08	13900000	14000000	13950000	86.3124
bin_02142	Chr08	14000000	14100000	14050000	87.1981
bin_02143	Chr08	14100000	14200000	14150000	87.8422
bin_02144	Chr08	14200000	14300000	14250000	88.2448
bin_02145	Chr08	14300000	14400000	14350000	89.211
bin_02146	Chr08	14400000	14500000	14450000	89.8551
bin_02147	Chr08	14500000	14600000	14550000	90.8213
bin_02148	Chr08	14600000	14700000	14650000	92.029
bin_02149	Chr08	14700000	14800000	14750000	92.9147
bin_02150	Chr08	14800000	14900000	14850000	93.7198
bin_02151	Chr08	14900000	15000000	14950000	94.525
bin_02152	Chr08	15000000	15100000	15050000	95.9742
bin_02153	Chr08	15100000	15200000	15150000	96.6989
bin_02154	Chr08	15200000	15300000	15250000	97.6651
bin_02155	Chr08	15300000	15400000	15350000	97.9066
bin_02156	Chr08	15400000	15500000	15450000	98.3897
bin_02157	Chr08	15500000	15600000	15550000	98.6312
bin_02158	Chr08	15600000	15700000	15650000	99.5974
bin_02159	Chr08	15700000	15800000	15750000	100.4026
bin_02160	Chr08	15800000	15900000	15850000	101.4493
bin_02161	Chr08	15900000	16000000	15950000	102.0934
bin_02162	Chr08	16000000	16100000	16050000	102.4155
bin_02163	Chr08	16100000	16200000	16150000	103.3816
bin_02164	Chr08	16200000	16300000	16250000	104.0258
bin_02165	Chr08	16300000	16400000	16350000	104.5894
bin_02166	Chr08	16400000	16500000	16450000	104.8309
bin_02167	Chr08	16500000	16600000	16550000	105.7166
bin_02168	Chr08	16600000	16700000	16650000	106.3607
bin_02169	Chr08	16700000	16800000	16750000	107.0048
bin_02170	Chr08	16800000	16900000	16850000	107.8905
bin_02171	Chr08	16900000	17000000	16950000	108.2126
bin_02172	Chr08	17000000	17100000	17050000	109.3398
bin_02173	Chr08	17100000	17200000	17150000	109.9839
bin_02174	Chr08	17200000	17300000	17250000	110.5475
bin_02175	Chr08	17300000	17400000	17350000	112.0773
bin_02176	Chr08	17400000	17500000	17450000	112.3188
bin_02177	Chr08	17500000	17600000	17550000	112.8019
bin_02178	Chr08	17600000	17700000	17650000	113.5266
bin_02179	Chr08	17700000	17800000	17750000	114.2512
bin_02180	Chr08	17800000	17900000	17850000	114.7343
bin_02181	Chr08	17900000	18000000	17950000	114.9758
bin_02182	Chr08	18000000	18100000	18050000	115.3784
bin_02183	Chr08	18100000	18200000	18150000	116.6667
bin_02184	Chr08	18200000	18300000	18250000	117.6329
bin_02185	Chr08	18300000	18400000	18350000	118.599
bin_02186	Chr08	18400000	18500000	18450000	119.6457
bin_02187	Chr08	18500000	18700000	18600000	120.0483
bin_02188	Chr08	18700000	18800000	18750000	120.2899
bin_02189	Chr08	18800000	18900000	18850000	120.5314
bin_02190	Chr08	18900000	19000000	18950000	121.095
bin_02191	Chr08	19000000	19100000	19050000	121.6586
bin_02192	Chr08	19100000	19200000	19150000	122.5443
bin_02193	Chr08	19200000	19300000	19250000	123.2689
bin_02194	Chr08	19300000	19400000	19350000	124.3156
bin_02195	Chr08	19400000	19500000	19450000	124.9597
bin_02196	Chr08	19500000	19600000	19550000	125.2818
bin_02197	Chr08	19600000	19700000	19650000	125.4428
bin_02198	Chr08	19700000	19800000	19750000	125.6039
bin_02199	Chr08	19800000	19900000	19850000	125.8454
bin_02200	Chr08	19900000	20000000	19950000	126.1675
bin_02201	Chr08	20000000	20100000	20050000	126.248
bin_02202	Chr08	20100000	20300000	20200000	126.7311
bin_02203	Chr08	20300000	20400000	20350000	126.8116
bin_02204	Chr08	20400000	20500000	20450000	126.8921
bin_02205	Chr08	20500000	20600000	20550000	127.3752
bin_02206	Chr08	20600000	20700000	20650000	128.5024
bin_02207	Chr08	20700000	20800000	20750000	129.066
bin_02208	Chr08	20800000	20900000	20850000	129.4686
bin_02209	Chr08	20900000	21000000	20950000	130.0322
bin_02210	Chr08	21000000	21100000	21050000	130.1932
bin_02211	Chr08	21100000	21300000	21200000	130.3543
bin_02212	Chr08	21300000	21400000	21350000	130.5958
bin_02213	Chr08	21400000	21500000	21450000	130.8374
bin_02214	Chr08	21500000	21600000	21550000	131.0789
bin_02215	Chr08	21600000	21700000	21650000	131.401
bin_02216	Chr08	21700000	21900000	21800000	132.1256
bin_02217	Chr08	21900000	22000000	21950000	132.3671
bin_02218	Chr08	22000000	22100000	22050000	132.8502
bin_02219	Chr08	22100000	22200000	22150000	133.7359
bin_02220	Chr08	22200000	22300000	22250000	134.6216
bin_02221	Chr08	22300000	22400000	22350000	134.8631
bin_02222	Chr08	22400000	22500000	22450000	135.2657
bin_02223	Chr08	22500000	22600000	22550000	135.6683
bin_02224	Chr08	22600000	22700000	22650000	135.9903
bin_02225	Chr08	22700000	22800000	22750000	136.1514
bin_02226	Chr08	22800000	22900000	22850000	136.715
bin_02227	Chr08	22900000	23000000	22950000	137.1176
bin_02228	Chr08	23000000	23100000	23050000	138.2448
bin_02229	Chr08	23100000	23200000	23150000	138.7279
bin_02230	Chr08	23200000	23300000	23250000	139.0499
bin_02231	Chr08	23300000	23400000	23350000	139.694
bin_02232	Chr08	23400000	23500000	23450000	141.3849
bin_02233	Chr08	23500000	23600000	23550000	142.19
bin_02234	Chr08	23600000	23700000	23650000	142.6731
bin_02235	Chr08	23700000	23900000	23800000	142.9147
bin_02236	Chr08	23900000	24100000	24000000	142.9952
bin_02237	Chr08	24100000	24200000	24150000	143.1562
bin_02238	Chr08	24200000	24300000	24250000	143.2367
bin_02239	Chr08	24300000	24600000	24450000	143.3977
bin_02240	Chr08	24600000	24700000	24650000	143.4783
bin_02241	Chr08	24700000	24800000	24750000	143.5588
bin_02242	Chr08	24800000	24900000	24850000	143.8003
bin_02243	Chr08	24900000	25000000	24950000	143.8808
bin_02244	Chr08	25000000	25100000	25050000	143.9614
bin_02245	Chr08	25100000	25400000	25250000	144.2834
bin_02246	Chr08	25400000	25600000	25500000	144.3639
bin_02247	Chr08	25600000	25800000	25700000	144.525
bin_02248	Chr08	25800000	26000000	25900000	144.6055
bin_02249	Chr08	26000000	26200000	26100000	144.7665
bin_02250	Chr08	26200000	26400000	26300000	144.847
bin_02251	Chr08	26400000	26700000	26550000	144.9275
bin_02252	Chr08	26700000	27100000	26900000	145.0081
bin_02253	Chr08	27100000	27600000	27350000	145.0886
bin_02254	Chr08	27600000	28200000	27900000	145.1691
bin_02255	Chr08	28200000	28300000	28250000	145.2496
bin_02256	Chr08	28300000	29100000	28700000	145.3301
bin_02257	Chr08	29100000	29200000	29150000	145.4106
bin_02258	Chr08	29200000	29800000	29500000	145.4911
bin_02259	Chr08	29800000	30000000	29900000	145.5717
bin_02260	Chr08	30000000	30200000	30100000	145.6522
bin_02261	Chr08	30200000	30400000	30300000	145.7327
bin_02262	Chr08	30400000	30600000	30500000	145.8132
bin_02263	Chr08	30600000	30700000	30650000	145.8937
bin_02264	Chr08	30700000	31100000	30900000	146.0548
bin_02265	Chr08	31100000	31200000	31150000	146.2158
bin_02266	Chr08	31200000	31500000	31350000	146.2963
bin_02267	Chr08	31500000	32300000	31900000	146.3768
bin_02268	Chr08	32300000	34500000	33400000	146.4573
bin_02269	Chr08	34500000	34900000	34700000	146.5378
bin_02270	Chr08	34900000	37100000	36000000	146.6184
bin_02271	Chr08	37100000	37200000	37150000	146.6989
bin_02272	Chr08	37200000	37300000	37250000	146.7794
bin_02273	Chr08	37300000	37500000	37400000	146.8599
bin_02274	Chr08	37500000	37700000	37600000	147.1014
bin_02275	Chr08	37700000	37800000	37750000	147.182
bin_02276	Chr08	37800000	38000000	37900000	147.343
bin_02277	Chr08	38000000	38100000	38050000	147.6651
bin_02278	Chr08	38100000	38600000	38350000	147.8261
bin_02279	Chr08	38600000	38700000	38650000	147.9066
bin_02280	Chr08	38700000	39100000	38900000	147.9871
bin_02281	Chr08	39100000	40700000	39900000	148.0676
bin_02282	Chr08	40700000	40800000	40750000	148.2287
bin_02283	Chr08	40800000	40900000	40850000	148.3897
bin_02284	Chr08	40900000	41000000	40950000	149.4364
bin_02285	Chr08	41000000	41100000	41050000	149.7585
bin_02286	Chr08	41100000	41200000	41150000	150.0
bin_02287	Chr08	41200000	41300000	41250000	150.161
bin_02288	Chr08	41300000	41400000	41350000	150.3221
bin_02289	Chr08	41400000	41500000	41450000	150.8052
bin_02290	Chr08	41500000	41700000	41600000	151.2077
bin_02291	Chr08	41700000	41800000	41750000	151.5298
bin_02292	Chr08	41800000	41900000	41850000	151.8519
bin_02293	Chr08	41900000	42000000	41950000	152.2544
bin_02294	Chr08	42000000	42100000	42050000	152.4155
bin_02295	Chr08	42100000	42200000	42150000	152.8986
bin_02296	Chr08	42200000	42300000	42250000	153.0596
bin_02297	Chr08	42300000	42400000	42350000	153.7842
bin_02298	Chr08	42400000	42500000	42450000	154.1063
bin_02299	Chr08	42500000	42600000	42550000	154.3478
bin_02300	Chr08	42600000	42700000	42650000	154.5894
bin_02301	Chr08	42700000	42800000	42750000	155.314
bin_02302	Chr08	42800000	42900000	42850000	155.6361
bin_02303	Chr08	42900000	43000000	42950000	156.0386
bin_02304	Chr08	43000000	43100000	43050000	156.5217
bin_02305	Chr08	43100000	43200000	43150000	157.3269
bin_02306	Chr08	43200000	43300000	43250000	157.5684
bin_02307	Chr08	43300000	43400000	43350000	157.7295
bin_02308	Chr08	43400000	43600000	43500000	157.8905
bin_02309	Chr08	43600000	43700000	43650000	158.2126
bin_02310	Chr08	43700000	43800000	43750000	159.0982
bin_02311	Chr08	43800000	43900000	43850000	159.8229
bin_02312	Chr08	43900000	44000000	43950000	160.628
bin_02313	Chr08	44000000	44200000	44100000	161.4332
bin_02314	Chr08	44200000	44300000	44250000	161.7552
bin_02315	Chr08	44300000	44400000	44350000	162.3188
bin_02316	Chr08	44400000	44500000	44450000	162.8824
bin_02317	Chr08	44500000	44600000	44550000	164.3317
bin_02318	Chr08	44600000	44700000	44650000	164.8953
bin_02319	Chr08	44700000	44800000	44750000	165.2174
bin_02320	Chr08	44800000	44900000	44850000	165.781
bin_02321	Chr08	44900000	45000000	44950000	167.1498
bin_02322	Chr08	45000000	45100000	45050000	168.277
bin_02323	Chr08	45100000	45200000	45150000	169.0016
bin_02324	Chr08	45200000	45300000	45250000	169.5652
bin_02325	Chr08	45300000	45400000	45350000	169.8068
bin_02326	Chr08	45400000	45500000	45450000	170.7729
bin_02327	Chr08	45500000	45600000	45550000	171.4171
bin_02328	Chr08	45600000	45700000	45650000	172.3027
bin_02329	Chr08	45700000	45800000	45750000	172.9469
bin_02330	Chr08	45800000	45900000	45850000	173.6715
bin_02331	Chr08	45900000	46000000	45950000	174.6377
bin_02332	Chr08	46000000	46100000	46050000	176.4895
bin_02333	Chr08	46100000	46200000	46150000	177.2947
bin_02334	Chr08	46200000	46300000	46250000	177.9388
bin_02335	Chr08	46300000	46400000	46350000	178.5829
bin_02336	Chr08	46400000	46500000	46450000	178.744
bin_02337	Chr08	46500000	46600000	46550000	180.1932
bin_02338	Chr08	46600000	46700000	46650000	180.6763
bin_02339	Chr08	46700000	46800000	46750000	181.0789
bin_02340	Chr08	46800000	46900000	46850000	182.0451
bin_02341	Chr08	46900000	47000000	46950000	182.2061
bin_02342	Chr08	47000000	47100000	47050000	182.9308
bin_02343	Chr08	47100000	47200000	47150000	183.8969
bin_02344	Chr08	47200000	47300000	47250000	185.0242
bin_02345	Chr08	47300000	47400000	47350000	185.9903
bin_02346	Chr08	47400000	47500000	47450000	186.876
bin_02347	Chr08	47500000	47600000	47550000	187.9227
bin_02348	Chr08	47600000	47700000	47650000	188.8084
bin_02349	Chr08	47700000	47800000	47750000	189.8551
bin_02350	Chr08	47800000	47900000	47850000	190.6602
bin_02351	Chr08	47900000	48000000	47950000	190.9018
bin_02352	Chr08	48000000	48100000	48050000	192.4316
bin_02353	Chr08	48100000	48200000	48150000	193.7198
bin_02354	Chr08	48200000	48300000	48250000	194.3639
bin_02355	Chr08	48300000	48400000	48350000	195.1691
bin_02356	Chr08	48400000	48500000	48450000	195.4911
bin_02357	Chr08	48500000	48600000	48550000	197.2625
bin_02358	Chr08	48600000	48800000	48700000	197.504
bin_02359	Chr08	48800000	48900000	48850000	197.9066
bin_02360	Chr08	48900000	49000000	48950000	199.5169
bin_02361	Chr08	49000000	49100000	49050000	200.2415
bin_02362	Chr08	49100000	49200000	49150000	200.3221
bin_02363	Chr08	49200000	49300000	49250000	200.8052
bin_02364	Chr08	49300000	49400000	49350000	202.2544
bin_02365	Chr08	49400000	49500000	49450000	202.818
bin_02366	Chr08	49500000	49600000	49550000	203.5427
bin_02367	Chr08	49600000	49700000	49650000	205.5556
bin_02368	Chr08	49700000	49800000	49750000	206.1997
bin_02369	Chr08	49800000	49896852	49848426	206.8438
bin_02370	Chr09	1	400000	200000	0.0
bin_02371	Chr09	400000	500000	450000	0.0805
bin_02372	Chr09	500000	600000	550000	0.7246
bin_02373	Chr09	600000	700000	650000	1.6103
bin_02374	Chr09	700000	800000	750000	1.8519
bin_02375	Chr09	800000	900000	850000	2.818
bin_02376	Chr09	900000	1000000	950000	3.7842
bin_02377	Chr09	1000000	1100000	1050000	4.6699
bin_02378	Chr09	1100000	1200000	1150000	5.153
bin_02379	Chr09	1200000	1300000	1250000	6.1192
bin_02380	Chr09	1300000	1400000	1350000	6.8438
bin_02381	Chr09	1400000	1500000	1450000	6.9243
bin_02382	Chr09	1500000	1600000	1550000	7.649
bin_02383	Chr09	1600000	1700000	1650000	8.2126
bin_02384	Chr09	1700000	1800000	1750000	8.4541
bin_02385	Chr09	1800000	1900000	1850000	9.5813
bin_02386	Chr09	1900000	2000000	1950000	9.9034
bin_02387	Chr09	2000000	2100000	2050000	9.9839
bin_02388	Chr09	2100000	2200000	2150000	10.789
bin_02389	Chr09	2200000	2300000	2250000	11.3527
bin_02390	Chr09	2300000	2400000	2350000	12.3188
bin_02391	Chr09	2400000	2500000	2450000	12.8824
bin_02392	Chr09	2500000	2600000	2550000	13.6071
bin_02393	Chr09	2600000	2700000	2650000	14.0902
bin_02394	Chr09	2700000	2800000	2750000	16.0225
bin_02395	Chr09	2800000	2900000	2850000	18.7601
bin_02396	Chr09	2900000	3000000	2950000	21.7391
bin_02397	Chr09	3000000	3100000	3050000	21.9002
bin_02398	Chr09	3100000	3200000	3150000	22.0612
bin_02399	Chr09	3200000	3300000	3250000	23.5105
bin_02400	Chr09	3300000	3400000	3350000	24.5572
bin_02401	Chr09	3400000	3500000	3450000	25.8454
bin_02402	Chr09	3500000	3600000	3550000	26.3285
bin_02403	Chr09	3600000	3700000	3650000	27.0531
bin_02404	Chr09	3700000	3800000	3750000	28.1804
bin_02405	Chr09	3800000	3900000	3850000	29.2271
bin_02406	Chr09	3900000	4000000	3950000	30.0322
bin_02407	Chr09	4000000	4100000	4050000	32.3671
bin_02408	Chr09	4100000	4200000	4150000	32.7697
bin_02409	Chr09	4200000	4300000	4250000	34.38
bin_02410	Chr09	4300000	4400000	4350000	35.1852
bin_02411	Chr09	4400000	4500000	4450000	36.3124
bin_02412	Chr09	4500000	4600000	4550000	37.1981
bin_02413	Chr09	4600000	4700000	4650000	38.0032
bin_02414	Chr09	4700000	4800000	4750000	38.4058
bin_02415	Chr09	4800000	4900000	4850000	39.211
bin_02416	Chr09	4900000	5000000	4950000	39.372
bin_02417	Chr09	5000000	5100000	5050000	40.2576
bin_02418	Chr09	5100000	5200000	5150000	40.8213
bin_02419	Chr09	5200000	5300000	5250000	41.9485
bin_02420	Chr09	5300000	5400000	5350000	42.351
bin_02421	Chr09	5400000	5500000	5450000	43.4783
bin_02422	Chr09	5500000	5600000	5550000	43.9614
bin_02423	Chr09	5600000	5700000	5650000	44.847
bin_02424	Chr09	5700000	5800000	5750000	45.6522
bin_02425	Chr09	5800000	5900000	5850000	46.7794
bin_02426	Chr09	5900000	6000000	5950000	47.6651
bin_02427	Chr09	6000000	6100000	6050000	48.7118
bin_02428	Chr09	6100000	6200000	6150000	49.4364
bin_02429	Chr09	6200000	6300000	6250000	49.839
bin_02430	Chr09	6300000	6400000	6350000	50.161
bin_02431	Chr09	6400000	6500000	6450000	50.8052
bin_02432	Chr09	6500000	6600000	6550000	50.9662
bin_02433	Chr09	6600000	6700000	6650000	51.0467
bin_02434	Chr09	6700000	6800000	6750000	51.4493
bin_02435	Chr09	6800000	6900000	6850000	51.9324
bin_02436	Chr09	6900000	7000000	6950000	52.2544
bin_02437	Chr09	7000000	7100000	7050000	52.7375
bin_02438	Chr09	7100000	7200000	7150000	54.1868
bin_02439	Chr09	7200000	7300000	7250000	55.0725
bin_02440	Chr09	7300000	7400000	7350000	55.7971
bin_02441	Chr09	7400000	7500000	7450000	56.0386
bin_02442	Chr09	7500000	7600000	7550000	56.4412
bin_02443	Chr09	7600000	7700000	7650000	57.0048
bin_02444	Chr09	7700000	7800000	7750000	57.3269
bin_02445	Chr09	7800000	7900000	7850000	57.5684
bin_02446	Chr09	7900000	8000000	7950000	57.81
bin_02447	Chr09	8000000	8200000	8100000	57.971
bin_02448	Chr09	8200000	8400000	8300000	58.132
bin_02449	Chr09	8400000	8500000	8450000	58.2931
bin_02450	Chr09	8500000	8600000	8550000	58.3736
bin_02451	Chr09	8600000	8800000	8700000	58.5346
bin_02452	Chr09	8800000	8900000	8850000	58.6151
bin_02453	Chr09	8900000	9000000	8950000	58.6957
bin_02454	Chr09	9000000	9100000	9050000	58.8567
bin_02455	Chr09	9100000	9400000	9250000	58.9372
bin_02456	Chr09	9400000	9500000	9450000	59.4203
bin_02457	Chr09	9500000	9600000	9550000	59.6618
bin_02458	Chr09	9600000	9700000	9650000	59.7424
bin_02459	Chr09	9700000	9800000	9750000	59.9839
bin_02460	Chr09	9800000	10000000	9900000	60.0644
bin_02461	Chr09	10000000	10100000	10050000	60.2254
bin_02462	Chr09	10100000	10400000	10250000	60.3865
bin_02463	Chr09	10400000	10500000	10450000	60.467
bin_02464	Chr09	10500000	10600000	10550000	60.5475
bin_02465	Chr09	10600000	10800000	10700000	60.789
bin_02466	Chr09	10800000	10900000	10850000	60.8696
bin_02467	Chr09	10900000	11000000	10950000	60.9501
bin_02468	Chr09	11000000	11100000	11050000	61.1111
bin_02469	Chr09	11100000	11300000	11200000	61.2721
bin_02470	Chr09	11300000	11700000	11500000	61.3527
bin_02471	Chr09	11700000	11900000	11800000	61.5942
bin_02472	Chr09	11900000	12100000	12000000	61.6747
bin_02473	Chr09	12100000	12400000	12250000	61.7552
bin_02474	Chr09	12400000	12500000	12450000	62.1578
bin_02475	Chr09	12500000	12600000	12550000	62.3994
bin_02476	Chr09	12600000	12700000	12650000	62.4799
bin_02477	Chr09	12700000	12800000	12750000	62.5604
bin_02478	Chr09	12800000	13200000	13000000	62.6409
bin_02479	Chr09	13200000	13700000	13450000	62.8824
bin_02480	Chr09	13700000	13800000	13750000	63.0435
bin_02481	Chr09	13800000	14900000	14350000	63.124
bin_02482	Chr09	14900000	16200000	15550000	63.2045
bin_02483	Chr09	16200000	16300000	16250000	63.285
bin_02484	Chr09	16300000	18300000	17300000	63.3655
bin_02485	Chr09	18300000	18500000	18400000	63.5266
bin_02486	Chr09	18500000	18700000	18600000	63.6071
bin_02487	Chr09	18700000	19000000	18850000	63.6876
bin_02488	Chr09	19000000	19100000	19050000	63.7681
bin_02489	Chr09	19100000	20800000	19950000	63.8486
bin_02490	Chr09	20800000	20900000	20850000	63.9291
bin_02491	Chr09	20900000	21100000	21000000	64.4122
bin_02492	Chr09	21100000	21400000	21250000	64.6538
bin_02493	Chr09	21400000	21500000	21450000	64.7343
bin_02494	Chr09	21500000	21700000	21600000	64.8953
bin_02495	Chr09	21700000	22100000	21900000	64.9758
bin_02496	Chr09	22100000	22800000	22450000	65.0564
bin_02497	Chr09	22800000	23500000	23150000	65.1369
bin_02498	Chr09	23500000	24100000	23800000	65.2174
bin_02499	Chr09	24100000	26000000	25050000	65.2979
bin_02500	Chr09	26000000	29700000	27850000	65.3784
bin_02501	Chr09	29700000	30000000	29850000	65.4589
bin_02502	Chr09	30000000	30100000	30050000	65.942
bin_02503	Chr09	30100000	30300000	30200000	66.4251
bin_02504	Chr09	30300000	30400000	30350000	66.5056
bin_02505	Chr09	30400000	31000000	30700000	66.6667
bin_02506	Chr09	31000000	31200000	31100000	66.7472
bin_02507	Chr09	31200000	31300000	31250000	66.8277
bin_02508	Chr09	31300000	32600000	31950000	66.9082
bin_02509	Chr09	32600000	32800000	32700000	66.9887
bin_02510	Chr09	32800000	33000000	32900000	67.2303
bin_02511	Chr09	33000000	33400000	33200000	67.5523
bin_02512	Chr09	33400000	33500000	33450000	67.6329
bin_02513	Chr09	33500000	33900000	33700000	67.7939
bin_02514	Chr09	33900000	34200000	34050000	67.8744
bin_02515	Chr09	34200000	34300000	34250000	68.0354
bin_02516	Chr09	34300000	34600000	34450000	68.1159
bin_02517	Chr09	34600000	34700000	34650000	68.3575
bin_02518	Chr09	34700000	34800000	34750000	68.5185
bin_02519	Chr09	34800000	34900000	34850000	69.1626
bin_02520	Chr09	34900000	35100000	35000000	69.4042
bin_02521	Chr09	35100000	35200000	35150000	69.5652
bin_02522	Chr09	35200000	35300000	35250000	70.5314
bin_02523	Chr09	35300000	35400000	35350000	70.8535
bin_02524	Chr09	35400000	35500000	35450000	71.095
bin_02525	Chr09	35500000	35600000	35550000	71.4171
bin_02526	Chr09	35600000	35800000	35700000	71.4976
bin_02527	Chr09	35800000	35900000	35850000	71.8196
bin_02528	Chr09	35900000	36100000	36000000	71.9002
bin_02529	Chr09	36100000	36200000	36150000	72.1417
bin_02530	Chr09	36200000	36300000	36250000	72.3027
bin_02531	Chr09	36300000	36400000	36350000	72.3833
bin_02532	Chr09	36400000	36600000	36500000	72.4638
bin_02533	Chr09	36600000	36700000	36650000	72.6248
bin_02534	Chr09	36700000	36800000	36750000	72.9469
bin_02535	Chr09	36800000	36900000	36850000	73.1079
bin_02536	Chr09	36900000	37000000	36950000	73.43
bin_02537	Chr09	37000000	37200000	37100000	73.5105
bin_02538	Chr09	37200000	37300000	37250000	73.591
bin_02539	Chr09	37300000	37400000	37350000	73.752
bin_02540	Chr09	37400000	37500000	37450000	73.8325
bin_02541	Chr09	37500000	37600000	37550000	73.913
bin_02542	Chr09	37600000	37700000	37650000	74.0741
bin_02543	Chr09	37700000	38200000	37950000	74.2351
bin_02544	Chr09	38200000	38300000	38250000	74.3961
bin_02545	Chr09	38300000	38400000	38350000	74.5572
bin_02546	Chr09	38400000	38500000	38450000	74.6377
bin_02547	Chr09	38500000	38600000	38550000	74.7987
bin_02548	Chr09	38600000	38700000	38650000	76.3285
bin_02549	Chr09	38700000	38800000	38750000	76.8921
bin_02550	Chr09	38800000	38900000	38850000	77.8583
bin_02551	Chr09	38900000	39000000	38950000	78.1804
bin_02552	Chr09	39000000	39100000	39050000	78.5829
bin_02553	Chr09	39100000	39200000	39150000	78.744
bin_02554	Chr09	39200000	39300000	39250000	78.8245
bin_02555	Chr09	39300000	39400000	39350000	79.2271
bin_02556	Chr09	39400000	39500000	39450000	79.9517
bin_02557	Chr09	39500000	39600000	39550000	80.0322
bin_02558	Chr09	39600000	39700000	39650000	80.6763
bin_02559	Chr09	39700000	39800000	39750000	80.9984
bin_02560	Chr09	39800000	39900000	39850000	81.562
bin_02561	Chr09	39900000	40000000	39950000	82.2061
bin_02562	Chr09	40000000	40100000	40050000	82.6892
bin_02563	Chr09	40100000	40200000	40150000	82.8502
bin_02564	Chr09	40200000	40300000	40250000	83.1723
bin_02565	Chr09	40300000	40400000	40350000	84.058
bin_02566	Chr09	40400000	40500000	40450000	84.5411
bin_02567	Chr09	40500000	40700000	40600000	84.9436
bin_02568	Chr09	40700000	40800000	40750000	85.3462
bin_02569	Chr09	40800000	40900000	40850000	86.1514
bin_02570	Chr09	40900000	41000000	40950000	86.876
bin_02571	Chr09	41000000	41100000	41050000	88.0837
bin_02572	Chr09	41100000	41200000	41150000	88.6473
bin_02573	Chr09	41200000	41300000	41250000	89.372
bin_02574	Chr09	41300000	41400000	41350000	90.0966
bin_02575	Chr09	41400000	41500000	41450000	90.9018
bin_02576	Chr09	41500000	41600000	41550000	91.7069
bin_02577	Chr09	41600000	41700000	41650000	92.351
bin_02578	Chr09	41700000	41800000	41750000	93.0757
bin_02579	Chr09	41800000	41900000	41850000	94.2029
bin_02580	Chr09	41900000	42000000	41950000	95.0886
bin_02581	Chr09	42000000	42100000	42050000	95.4106
bin_02582	Chr09	42100000	42200000	42150000	96.2963
bin_02583	Chr09	42200000	42300000	42250000	96.6989
bin_02584	Chr09	42300000	42400000	42350000	97.182
bin_02585	Chr09	42400000	42500000	42450000	97.4235
bin_02586	Chr09	42500000	42600000	42550000	97.9871
bin_02587	Chr09	42600000	42700000	42650000	98.6312
bin_02588	Chr09	42700000	42800000	42750000	99.1143
bin_02589	Chr09	42800000	42900000	42850000	99.7585
bin_02590	Chr09	42900000	43000000	42950000	100.7246
bin_02591	Chr09	43000000	43100000	43050000	101.3688
bin_02592	Chr09	43100000	43200000	43150000	102.0934
bin_02593	Chr09	43200000	43300000	43250000	102.7375
bin_02594	Chr09	43300000	43400000	43350000	103.5427
bin_02595	Chr09	43400000	43500000	43450000	103.7037
bin_02596	Chr09	43500000	43600000	43550000	104.3478
bin_02597	Chr09	43600000	43700000	43650000	104.9919
bin_02598	Chr09	43700000	43800000	43750000	105.8776
bin_02599	Chr09	43800000	43900000	43850000	106.3607
bin_02600	Chr09	43900000	44000000	43950000	107.3269
bin_02601	Chr09	44000000	44100000	44050000	107.971
bin_02602	Chr09	44100000	44200000	44150000	108.132
bin_02603	Chr09	44200000	44300000	44250000	109.1787
bin_02604	Chr09	44300000	44400000	44350000	109.7424
bin_02605	Chr09	44400000	44500000	44450000	109.9839
bin_02606	Chr09	44500000	44600000	44550000	110.628
bin_02607	Chr09	44600000	44700000	44650000	111.4332
bin_02608	Chr09	44700000	44800000	44750000	111.9968
bin_02609	Chr09	44800000	44900000	44850000	112.8019
bin_02610	Chr09	44900000	45000000	44950000	113.124
bin_02611	Chr09	45000000	45100000	45050000	113.8486
bin_02612	Chr09	45100000	45200000	45150000	114.4928
bin_02613	Chr09	45200000	45300000	45250000	115.2174
bin_02614	Chr09	45300000	45400000	45350000	116.1836
bin_02615	Chr09	45400000	45500000	45450000	117.5523
bin_02616	Chr09	45500000	45600000	45550000	118.438
bin_02617	Chr09	45600000	45700000	45650000	118.8406
bin_02618	Chr09	45700000	45800000	45750000	119.9678
bin_02619	Chr09	45800000	45900000	45850000	120.7729
bin_02620	Chr09	45900000	46000000	45950000	121.7391
bin_02621	Chr09	46000000	46100000	46050000	123.0274
bin_02622	Chr09	46100000	46200000	46150000	123.8325
bin_02623	Chr09	46200000	46300000	46250000	124.3961
bin_02624	Chr09	46300000	46400000	46350000	124.6377
bin_02625	Chr09	46400000	46500000	46450000	125.3623
bin_02626	Chr09	46500000	46600000	46550000	126.0064
bin_02627	Chr09	46600000	46700000	46650000	126.8116
bin_02628	Chr09	46700000	46800000	46750000	127.6167
bin_02629	Chr09	46800000	46900000	46850000	128.744
bin_02630	Chr09	46900000	47000000	46950000	129.5491
bin_02631	Chr09	47000000	47100000	47050000	130.5958
bin_02632	Chr09	47100000	47200000	47150000	130.8374
bin_02633	Chr09	47200000	47300000	47250000	131.1594
bin_02634	Chr09	47300000	47400000	47350000	132.6087
bin_02635	Chr09	47400000	47500000	47450000	133.2528
bin_02636	Chr09	47500000	47600000	47550000	133.7359
bin_02637	Chr09	47600000	47700000	47650000	134.8631
bin_02638	Chr09	47700000	47800000	47750000	136.0709
bin_02639	Chr09	47800000	47900000	47850000	136.876
bin_02640	Chr09	47900000	48000000	47950000	137.8422
bin_02641	Chr09	48000000	48100000	48050000	138.2448
bin_02642	Chr09	48100000	48200000	48150000	139.8551
bin_02643	Chr09	48200000	48300000	48250000	140.0966
bin_02644	Chr09	48300000	48400000	48350000	140.8213
bin_02645	Chr09	48400000	48500000	48450000	141.7874
bin_02646	Chr09	48500000	48600000	48550000	142.9952
bin_02647	Chr09	48600000	48700000	48650000	143.4783
bin_02648	Chr09	48700000	48800000	48750000	144.1224
bin_02649	Chr09	48800000	48900000	48850000	144.6055
bin_02650	Chr09	48900000	49000000	48950000	145.2496
bin_02651	Chr09	49000000	49100000	49050000	145.4106
bin_02652	Chr09	49100000	49200000	49150000	146.1353
bin_02653	Chr09	49200000	49300000	49250000	146.9404
bin_02654	Chr09	49300000	49400000	49350000	147.2625
bin_02655	Chr09	49400000	49500000	49450000	147.7456
bin_02656	Chr09	49500000	49600000	49550000	149.2754
bin_02657	Chr09	49600000	49700000	49650000	149.7585
bin_02658	Chr09	49700000	49800000	49750000	150.0
bin_02659	Chr09	49800000	49900000	49850000	150.4831
bin_02660	Chr09	49900000	50000000	49950000	150.8857
bin_02661	Chr09	50000000	50100000	50050000	152.0934
bin_02662	Chr09	50100000	50200000	50150000	153.3011
bin_02663	Chr09	50200000	50300000	50250000	154.1063
bin_02664	Chr09	50300000	50400000	50350000	154.5894
bin_02665	Chr09	50400000	50500000	50450000	154.9114
bin_02666	Chr09	50500000	50600000	50550000	155.314
bin_02667	Chr09	50600000	50700000	50650000	155.7971
bin_02668	Chr09	50700000	50800000	50750000	156.4412
bin_02669	Chr09	50800000	50900000	50850000	156.6023
bin_02670	Chr09	50900000	51000000	50950000	156.9243
bin_02671	Chr09	51000000	51100000	51050000	157.3269
bin_02672	Chr09	51100000	51200000	51150000	158.0515
bin_02673	Chr09	51200000	51300000	51250000	158.4541
bin_02674	Chr09	51300000	51400000	51350000	159.3398
bin_02675	Chr09	51400000	51486896	51443448	160.0644
bin_02676	Chr10	1	500000	250000	0.0
bin_02677	Chr10	500000	700000	600000	0.161
bin_02678	Chr10	700000	800000	750000	0.8052
bin_02679	Chr10	800000	900000	850000	1.2882
bin_02680	Chr10	900000	1000000	950000	1.9324
bin_02681	Chr10	1000000	1100000	1050000	2.0934
bin_02682	Chr10	1100000	1200000	1150000	3.3011
bin_02683	Chr10	1200000	1300000	1250000	4.1063
bin_02684	Chr10	1300000	1400000	1350000	4.8309
bin_02685	Chr10	1400000	1500000	1450000	5.7166
bin_02686	Chr10	1500000	1600000	1550000	6.4412
bin_02687	Chr10	1600000	1700000	1650000	7.0048
bin_02688	Chr10	1700000	1800000	1750000	7.649
bin_02689	Chr10	1800000	1900000	1850000	8.4541
bin_02690	Chr10	1900000	2000000	1950000	8.6957
bin_02691	Chr10	2000000	2100000	2050000	9.9839
bin_02692	Chr10	2100000	2200000	2150000	10.7085
bin_02693	Chr10	2200000	2300000	2250000	11.5137
bin_02694	Chr10	2300000	2400000	2350000	11.9163
bin_02695	Chr10	2400000	2500000	2450000	12.0773
bin_02696	Chr10	2500000	2600000	2550000	13.6876
bin_02697	Chr10	2600000	2700000	2650000	14.8148
bin_02698	Chr10	2700000	2800000	2750000	15.5395
bin_02699	Chr10	2800000	2900000	2850000	16.5056
bin_02700	Chr10	2900000	3000000	2950000	17.5523
bin_02701	Chr10	3000000	3100000	3050000	17.6329
bin_02702	Chr10	3100000	3200000	3150000	18.1965
bin_02703	Chr10	3200000	3300000	3250000	19.2432
bin_02704	Chr10	3300000	3400000	3350000	19.6457
bin_02705	Chr10	3400000	3500000	3450000	20.4509
bin_02706	Chr10	3500000	3600000	3550000	21.3366
bin_02707	Chr10	3600000	3700000	3650000	22.9469
bin_02708	Chr10	3700000	3800000	3750000	23.3494
bin_02709	Chr10	3800000	3900000	3850000	23.6715
bin_02710	Chr10	3900000	4000000	3950000	24.5572
bin_02711	Chr10	4000000	4100000	4050000	25.6039
bin_02712	Chr10	4100000	4200000	4150000	26.9726
bin_02713	Chr10	4200000	4300000	4250000	29.4686
bin_02714	Chr10	4300000	4400000	4350000	30.8374
bin_02715	Chr10	4400000	4500000	4450000	31.6425
bin_02716	Chr10	4500000	4600000	4550000	33.0113
bin_02717	Chr10	4600000	4700000	4650000	34.058
bin_02718	Chr10	4700000	4800000	4750000	35.3462
bin_02719	Chr10	4800000	4900000	4850000	35.9903
bin_02720	Chr10	4900000	5000000	4950000	36.7955
bin_02721	Chr10	5000000	5100000	5050000	37.8422
bin_02722	Chr10	5100000	5200000	5150000	38.7279
bin_02723	Chr10	5200000	5300000	5250000	39.211
bin_02724	Chr10	5300000	5400000	5350000	39.694
bin_02725	Chr10	5400000	5500000	5450000	40.6602
bin_02726	Chr10	5500000	5600000	5550000	41.9485
bin_02727	Chr10	5600000	5700000	5650000	42.9147
bin_02728	Chr10	5700000	5800000	5750000	43.8003
bin_02729	Chr10	5800000	5900000	5850000	44.2834
bin_02730	Chr10	5900000	6100000	6000000	44.4444
bin_02731	Chr10	6100000	6200000	6150000	45.0081
bin_02732	Chr10	6200000	6300000	6250000	45.7327
bin_02733	Chr10	6300000	6400000	6350000	46.1353
bin_02734	Chr10	6400000	6500000	6450000	47.343
bin_02735	Chr10	6500000	6600000	6550000	47.9871
bin_02736	Chr10	6600000	6700000	6650000	48.7923
bin_02737	Chr10	6700000	6800000	6750000	49.5974
bin_02738	Chr10	6800000	6900000	6850000	50.9662
bin_02739	Chr10	6900000	7000000	6950000	51.2882
bin_02740	Chr10	7000000	7100000	7050000	51.6103
bin_02741	Chr10	7100000	7200000	7150000	52.0129
bin_02742	Chr10	7200000	7300000	7250000	52.2544
bin_02743	Chr10	7300000	7400000	7350000	53.0596
bin_02744	Chr10	7400000	7500000	7450000	53.3011
bin_02745	Chr10	7500000	7600000	7550000	53.4622
bin_02746	Chr10	7600000	7700000	7650000	53.9452
bin_02747	Chr10	7700000	7800000	7750000	54.2673
bin_02748	Chr10	7800000	7900000	7850000	55.0725
bin_02749	Chr10	7900000	8000000	7950000	55.475
bin_02750	Chr10	8000000	8100000	8050000	55.7971
bin_02751	Chr10	8100000	8200000	8150000	56.0386
bin_02752	Chr10	8200000	8300000	8250000	56.1192
bin_02753	Chr10	8300000	8400000	8350000	56.3607
bin_02754	Chr10	8400000	8500000	8450000	56.4412
bin_02755	Chr10	8500000	8600000	8550000	56.5217
bin_02756	Chr10	8600000	8900000	8750000	56.6828
bin_02757	Chr10	8900000	9100000	9000000	56.9243
bin_02758	Chr10	9100000	9200000	9150000	57.2464
bin_02759	Chr10	9200000	9300000	9250000	57.4074
bin_02760	Chr10	9300000	9400000	9350000	57.649
bin_02761	Chr10	9400000	9600000	9500000	57.7295
bin_02762	Chr10	9600000	9700000	9650000	57.81
bin_02763	Chr10	9700000	9800000	9750000	58.3736
bin_02764	Chr10	9800000	9900000	9850000	58.5346
bin_02765	Chr10	9900000	10000000	9950000	58.9372
bin_02766	Chr10	10000000	10100000	10050000	59.2593
bin_02767	Chr10	10100000	10200000	10150000	59.5813
bin_02768	Chr10	10200000	10300000	10250000	59.7424
bin_02769	Chr10	10300000	10400000	10350000	60.0644
bin_02770	Chr10	10400000	10500000	10450000	60.306
bin_02771	Chr10	10500000	10600000	10550000	60.7085
bin_02772	Chr10	10600000	10700000	10650000	60.8696
bin_02773	Chr10	10700000	10800000	10750000	61.0306
bin_02774	Chr10	10800000	10900000	10850000	61.1111
bin_02775	Chr10	10900000	11200000	11050000	61.2721
bin_02776	Chr10	11200000	12100000	11650000	61.4332
bin_02777	Chr10	12100000	12200000	12150000	61.5942
bin_02778	Chr10	12200000	12300000	12250000	61.6747
bin_02779	Chr10	12300000	12600000	12450000	61.8357
bin_02780	Chr10	12600000	12700000	12650000	61.9163
bin_02781	Chr10	12700000	12800000	12750000	62.0773
bin_02782	Chr10	12800000	12900000	12850000	62.1578
bin_02783	Chr10	12900000	13000000	12950000	62.2383
bin_02784	Chr10	13000000	13300000	13150000	62.3188
bin_02785	Chr10	13300000	13400000	13350000	62.3994
bin_02786	Chr10	13400000	13500000	13450000	62.4799
bin_02787	Chr10	13500000	13600000	13550000	62.6409
bin_02788	Chr10	13600000	13900000	13750000	62.7214
bin_02789	Chr10	13900000	14100000	14000000	62.8019
bin_02790	Chr10	14100000	14300000	14200000	62.8824
bin_02791	Chr10	14300000	14800000	14550000	62.963
bin_02792	Chr10	14800000	15100000	14950000	63.124
bin_02793	Chr10	15100000	15800000	15450000	63.2045
bin_02794	Chr10	15800000	17200000	16500000	63.285
bin_02795	Chr10	17200000	18700000	17950000	63.3655
bin_02796	Chr10	18700000	18900000	18800000	63.4461
bin_02797	Chr10	18900000	19100000	19000000	63.5266
bin_02798	Chr10	19100000	19200000	19150000	63.6071
bin_02799	Chr10	19200000	19900000	19550000	63.6876
bin_02800	Chr10	19900000	20800000	20350000	63.7681
bin_02801	Chr10	20800000	21000000	20900000	63.8486
bin_02802	Chr10	21000000	21900000	21450000	63.9291
bin_02803	Chr10	21900000	22100000	22000000	64.0097
bin_02804	Chr10	22100000	24300000	23200000	64.0902
bin_02805	Chr10	24300000	25000000	24650000	64.3317
bin_02806	Chr10	25000000	25400000	25200000	64.5733
bin_02807	Chr10	25400000	25600000	25500000	64.6538
bin_02808	Chr10	25600000	26100000	25850000	64.7343
bin_02809	Chr10	26100000	27200000	26650000	64.8148
bin_02810	Chr10	27200000	28700000	27950000	64.9758
bin_02811	Chr10	28700000	30000000	29350000	65.0564
bin_02812	Chr10	30000000	30100000	30050000	65.1369
bin_02813	Chr10	30100000	30900000	30500000	65.2174
bin_02814	Chr10	30900000	32600000	31750000	65.2979
bin_02815	Chr10	32600000	32800000	32700000	65.4589
bin_02816	Chr10	32800000	33500000	33150000	65.5395
bin_02817	Chr10	33500000	33800000	33650000	65.62
bin_02818	Chr10	33800000	34100000	33950000	65.7005
bin_02819	Chr10	34100000	34900000	34500000	65.781
bin_02820	Chr10	34900000	35600000	35250000	65.942
bin_02821	Chr10	35600000	35800000	35700000	66.0225
bin_02822	Chr10	35800000	36000000	35900000	66.1031
bin_02823	Chr10	36000000	36700000	36350000	66.1836
bin_02824	Chr10	36700000	36800000	36750000	66.2641
bin_02825	Chr10	36800000	37000000	36900000	66.3446
bin_02826	Chr10	37000000	38200000	37600000	66.4251
bin_02827	Chr10	38200000	38300000	38250000	66.8277
bin_02828	Chr10	38300000	38400000	38350000	66.9082
bin_02829	Chr10	38400000	38500000	38450000	66.9887
bin_02830	Chr10	38500000	38700000	38600000	67.0692
bin_02831	Chr10	38700000	39000000	38850000	67.1498
bin_02832	Chr10	39000000	39600000	39300000	67.2303
bin_02833	Chr10	39600000	39700000	39650000	67.4718
bin_02834	Chr10	39700000	39800000	39750000	68.1159
bin_02835	Chr10	39800000	39900000	39850000	68.7601
bin_02836	Chr10	39900000	40000000	39950000	69.4042
bin_02837	Chr10	40000000	40200000	40100000	69.5652
bin_02838	Chr10	40200000	40300000	40250000	69.9678
bin_02839	Chr10	40300000	40400000	40350000	70.5314
bin_02840	Chr10	40400000	40500000	40450000	70.6924
bin_02841	Chr10	40500000	40600000	40550000	72.3027
bin_02842	Chr10	40600000	40700000	40650000	73.43
bin_02843	Chr10	40700000	40800000	40750000	74.5572
bin_02844	Chr10	40800000	40900000	40850000	74.9597
bin_02845	Chr10	40900000	41000000	40950000	75.9259
bin_02846	Chr10	41000000	41100000	41050000	76.4895
bin_02847	Chr10	41100000	41200000	41150000	77.3752
bin_02848	Chr10	41200000	41300000	41250000	79.1465
bin_02849	Chr10	41300000	41400000	41350000	80.1127
bin_02850	Chr10	41400000	41500000	41450000	80.3543
bin_02851	Chr10	41500000	41600000	41550000	81.1594
bin_02852	Chr10	41600000	41700000	41650000	83.0918
bin_02853	Chr10	41700000	41800000	41750000	83.9775
bin_02854	Chr10	41800000	41900000	41850000	84.7826
bin_02855	Chr10	41900000	42000000	41950000	85.2657
bin_02856	Chr10	42000000	42100000	42050000	85.7488
bin_02857	Chr10	42100000	42200000	42150000	87.4396
bin_02858	Chr10	42200000	42300000	42250000	88.0837
bin_02859	Chr10	42300000	42400000	42350000	88.8084
bin_02860	Chr10	42400000	42500000	42450000	89.7746
bin_02861	Chr10	42500000	42600000	42550000	90.4187
bin_02862	Chr10	42600000	42700000	42650000	91.2238
bin_02863	Chr10	42700000	42800000	42750000	91.9485
bin_02864	Chr10	42800000	42900000	42850000	92.6731
bin_02865	Chr10	42900000	43000000	42950000	93.3977
bin_02866	Chr10	43000000	43100000	43050000	94.1224
bin_02867	Chr10	43100000	43200000	43150000	95.4911
bin_02868	Chr10	43200000	43300000	43250000	97.7456
bin_02869	Chr10	43300000	43400000	43350000	98.3092
bin_02870	Chr10	43400000	43500000	43450000	98.8728
bin_02871	Chr10	43500000	43600000	43550000	99.5974
bin_02872	Chr10	43600000	43700000	43650000	100.4026
bin_02873	Chr10	43700000	43800000	43750000	101.1272
bin_02874	Chr10	43800000	43900000	43850000	102.5765
bin_02875	Chr10	43900000	44000000	43950000	104.1063
bin_02876	Chr10	44000000	44100000	44050000	104.9114
bin_02877	Chr10	44100000	44200000	44150000	105.475
bin_02878	Chr10	44200000	44300000	44250000	105.9581
bin_02879	Chr10	44300000	44400000	44350000	106.5217
bin_02880	Chr10	44400000	44500000	44450000	106.9243
bin_02881	Chr10	44500000	44600000	44550000	107.2464
bin_02882	Chr10	44600000	44700000	44650000	107.7295
bin_02883	Chr10	44700000	44800000	44750000	108.132
bin_02884	Chr10	44800000	44900000	44850000	108.5346
bin_02885	Chr10	44900000	45000000	44950000	108.6957
bin_02886	Chr10	45000000	45100000	45050000	109.3398
bin_02887	Chr10	45100000	45200000	45150000	109.9034
bin_02888	Chr10	45200000	45300000	45250000	110.2254
bin_02889	Chr10	45300000	45400000	45350000	111.1916
bin_02890	Chr10	45400000	45500000	45450000	112.2383
bin_02891	Chr10	45500000	45600000	45550000	113.4461
bin_02892	Chr10	45600000	45700000	45650000	113.8486
bin_02893	Chr10	45700000	45800000	45750000	114.5733
bin_02894	Chr10	45800000	45900000	45850000	115.4589
bin_02895	Chr10	45900000	46000000	45950000	116.9082
bin_02896	Chr10	46000000	46100000	46050000	117.7939
bin_02897	Chr10	46100000	46200000	46150000	118.3575
bin_02898	Chr10	46200000	46300000	46250000	119.4847
bin_02899	Chr10	46300000	46400000	46350000	120.1288
bin_02900	Chr10	46400000	46500000	46450000	120.4509
bin_02901	Chr10	46500000	46600000	46550000	120.6119
bin_02902	Chr10	46600000	46700000	46650000	120.7729
bin_02903	Chr10	46700000	46800000	46750000	121.0145
bin_02904	Chr10	46800000	46900000	46850000	121.4976
bin_02905	Chr10	46900000	47000000	46950000	122.2222
bin_02906	Chr10	47000000	47100000	47050000	123.0274
bin_02907	Chr10	47100000	47200000	47150000	123.2689
bin_02908	Chr10	47200000	47300000	47250000	123.9936
bin_02909	Chr10	47300000	47400000	47350000	124.7182
bin_02910	Chr10	47400000	47500000	47450000	125.3623
bin_02911	Chr10	47500000	47600000	47550000	125.5233
bin_02912	Chr10	47600000	47700000	47650000	126.57
bin_02913	Chr10	47700000	47800000	47750000	127.1337
bin_02914	Chr10	47800000	47900000	47850000	127.8583
bin_02915	Chr10	47900000	48000000	47950000	128.0998
bin_02916	Chr10	48000000	48100000	48050000	128.5829
bin_02917	Chr10	48100000	48200000	48150000	129.4686
bin_02918	Chr10	48200000	48300000	48250000	129.9517
bin_02919	Chr10	48300000	48400000	48350000	130.9179
bin_02920	Chr10	48400000	48500000	48450000	131.401
bin_02921	Chr10	48500000	48600000	48550000	131.8035
bin_02922	Chr10	48600000	48700000	48650000	132.8502
bin_02923	Chr10	48700000	48800000	48750000	133.3333
bin_02924	Chr10	48800000	48900000	48850000	133.4138
bin_02925	Chr10	48900000	49000000	48950000	133.7359
bin_02926	Chr10	49000000	49100000	49050000	134.2995
bin_02927	Chr10	49100000	49200000	49150000	134.5411
bin_02928	Chr10	49200000	49300000	49250000	135.5878
bin_02929	Chr10	49300000	49400000	49350000	136.3124
bin_02930	Chr10	49400000	49500000	49450000	136.3929
bin_02931	Chr10	49500000	49600000	49550000	137.1981
bin_02932	Chr10	49600000	49700000	49650000	137.7617
bin_02933	Chr10	49700000	49800000	49750000	138.1643
bin_02934	Chr10	49800000	49900000	49850000	138.8889
bin_02935	Chr10	49900000	50000000	49950000	139.0499
bin_02936	Chr10	50000000	50100000	50050000	139.6135
bin_02937	Chr10	50100000	50200000	50150000	140.4187
bin_02938	Chr10	50200000	50300000	50250000	140.8213
bin_02939	Chr10	50300000	50400000	50350000	141.4654
bin_02940	Chr10	50400000	50500000	50450000	141.7874
bin_02941	Chr10	50500000	50600000	50550000	142.6731
bin_02942	Chr10	50600000	50700000	50650000	143.4783
bin_02943	Chr10	50700000	50800000	50750000	143.8808
bin_02944	Chr10	50800000	50900000	50850000	144.7665
bin_02945	Chr10	50900000	51000000	50950000	146.4573
bin_02946	Chr10	51000000	51100000	51050000	160.7085
bin_02947	Chr10	51100000	51200000	51150000	163.8486
bin_02948	Chr10	51200000	51300000	51250000	165.2979
bin_02949	Chr10	51300000	51400000	51350000	169.4042
bin_02950	Chr10	51400000	51500000	51450000	170.6119
bin_02951	Chr10	51500000	51600000	51550000	172.0612
bin_02952	Chr10	51600000	51700000	51650000	172.6248
bin_02953	Chr10	51700000	51800000	51750000	174.6377
bin_02954	Chr10	51800000	51900000	51850000	180.0322
bin_02955	Chr10	51900000	52000000	51950000	183.3333
bin_02956	Chr10	52000000	52100000	52050000	185.7488
bin_02957	Chr10	52100000	52200000	52150000	186.5539
bin_02958	Chr10	52200000	52300000	52250000	188.7279
bin_02959	Chr10	52300000	52400000	52350000	189.8551
bin_02960	Chr10	52400000	52500000	52450000	190.4992
bin_02961	Chr10	52500000	52600000	52550000	190.8213
bin_02962	Chr10	52600000	52700000	52650000	191.7874
bin_02963	Chr10	52700000	52800000	52750000	193.1562
bin_02964	Chr10	52800000	52900000	52850000	193.5588
bin_02965	Chr10	52900000	53000000	52950000	194.2834
bin_02966	Chr10	53000000	53100000	53050000	195.8937
bin_02967	Chr10	53100000	53200000	53150000	196.6989
bin_02968	Chr10	53200000	53300000	53250000	197.343
bin_02969	Chr10	53300000	53400000	53350000	198.2287
bin_02970	Chr10	53400000	53500000	53450000	198.8728
bin_02971	Chr10	53500000	53600000	53550000	199.1948
bin_02972	Chr10	53600000	53700000	53650000	199.5169
bin_02973	Chr10	53700000	53800000	53750000	199.839
bin_02974	Chr10	53800000	53900000	53850000	200.7246
bin_02975	Chr10	53900000	54000000	53950000	201.3688
bin_02976	Chr10	54000000	54067360	54033680	202.1739
bin_02977	Chr11	1	400000	200000	0.0
bin_02978	Chr11	400000	500000	450000	0.0805
bin_02979	Chr11	500000	600000	550000	0.4026
bin_02980	Chr11	600000	700000	650000	1.3688
bin_02981	Chr11	700000	800000	750000	1.6908
bin_02982	Chr11	800000	900000	850000	1.9324
bin_02983	Chr11	900000	1000000	950000	2.0129
bin_02984	Chr11	1000000	1100000	1050000	2.818
bin_02985	Chr11	1100000	1200000	1150000	3.3011
bin_02986	Chr11	1200000	1300000	1250000	4.3478
bin_02987	Chr11	1300000	1400000	1350000	4.8309
bin_02988	Chr11	1400000	1500000	1450000	5.5556
bin_02989	Chr11	1500000	1600000	1550000	5.8776
bin_02990	Chr11	1600000	1700000	1650000	6.4412
bin_02991	Chr11	1700000	1800000	1750000	6.6828
bin_02992	Chr11	1800000	1900000	1850000	7.2464
bin_02993	Chr11	1900000	2000000	1950000	7.971
bin_02994	Chr11	2000000	2100000	2050000	8.2126
bin_02995	Chr11	2100000	2200000	2150000	9.6618
bin_02996	Chr11	2200000	2300000	2250000	11.1916
bin_02997	Chr11	2300000	2400000	2350000	12.1578
bin_02998	Chr11	2400000	2500000	2450000	12.8824
bin_02999	Chr11	2500000	2600000	2550000	13.8486
bin_03000	Chr11	2600000	2700000	2650000	14.5733
bin_03001	Chr11	2700000	2800000	2750000	14.8148
bin_03002	Chr11	2800000	2900000	2850000	15.2979
bin_03003	Chr11	2900000	3000000	2950000	16.5056
bin_03004	Chr11	3000000	3100000	3050000	18.9211
bin_03005	Chr11	3100000	3200000	3150000	19.8873
bin_03006	Chr11	3200000	3400000	3300000	20.7729
bin_03007	Chr11	3400000	3500000	3450000	21.256
bin_03008	Chr11	3500000	3600000	3550000	21.5781
bin_03009	Chr11	3600000	3700000	3650000	21.8196
bin_03010	Chr11	3700000	3800000	3750000	23.9936
bin_03011	Chr11	3800000	3900000	3850000	24.0741
bin_03012	Chr11	3900000	4000000	3950000	25.0403
bin_03013	Chr11	4000000	4100000	4050000	25.8454
bin_03014	Chr11	4100000	4200000	4150000	26.8921
bin_03015	Chr11	4200000	4300000	4250000	27.1337
bin_03016	Chr11	4300000	4400000	4350000	27.3752
bin_03017	Chr11	4400000	4500000	4450000	27.9388
bin_03018	Chr11	4500000	4600000	4550000	28.8245
bin_03019	Chr11	4600000	4700000	4650000	29.1465
bin_03020	Chr11	4700000	4800000	4750000	29.7101
bin_03021	Chr11	4800000	4900000	4850000	30.4348
bin_03022	Chr11	4900000	5000000	4950000	30.9179
bin_03023	Chr11	5000000	5100000	5050000	31.2399
bin_03024	Chr11	5100000	5200000	5150000	31.8841
bin_03025	Chr11	5200000	5300000	5250000	32.6892
bin_03026	Chr11	5300000	5400000	5350000	33.5749
bin_03027	Chr11	5400000	5500000	5450000	34.058
bin_03028	Chr11	5500000	5600000	5550000	34.2995
bin_03029	Chr11	5600000	5700000	5650000	35.1852
bin_03030	Chr11	5700000	5800000	5750000	35.9903
bin_03031	Chr11	5800000	5900000	5850000	36.715
bin_03032	Chr11	5900000	6000000	5950000	37.037
bin_03033	Chr11	6000000	6100000	6050000	38.2448
bin_03034	Chr11	6100000	6200000	6150000	39.211
bin_03035	Chr11	6200000	6300000	6250000	39.533
bin_03036	Chr11	6300000	6400000	6350000	40.0966
bin_03037	Chr11	6400000	6500000	6450000	40.5797
bin_03038	Chr11	6500000	6600000	6550000	40.9018
bin_03039	Chr11	6600000	6700000	6650000	41.7874
bin_03040	Chr11	6700000	6800000	6750000	42.4316
bin_03041	Chr11	6800000	6900000	6850000	42.6731
bin_03042	Chr11	6900000	7000000	6950000	43.8003
bin_03043	Chr11	7000000	7100000	7050000	44.9275
bin_03044	Chr11	7100000	7200000	7150000	45.2496
bin_03045	Chr11	7200000	7300000	7250000	45.4106
bin_03046	Chr11	7300000	7400000	7350000	48.7923
bin_03047	Chr11	7400000	7600000	7500000	49.1948
bin_03048	Chr11	7600000	7700000	7650000	50.0
bin_03049	Chr11	7700000	7800000	7750000	50.161
bin_03050	Chr11	7800000	7900000	7850000	50.4831
bin_03051	Chr11	7900000	8000000	7950000	50.8052
bin_03052	Chr11	8000000	8100000	8050000	52.0129
bin_03053	Chr11	8100000	8200000	8150000	52.9791
bin_03054	Chr11	8200000	8300000	8250000	53.9452
bin_03055	Chr11	8300000	8400000	8350000	54.3478
bin_03056	Chr11	8400000	8500000	8450000	54.7504
bin_03057	Chr11	8500000	8600000	8550000	55.3945
bin_03058	Chr11	8600000	8700000	8650000	55.7971
bin_03059	Chr11	8700000	8800000	8750000	56.9243
bin_03060	Chr11	8800000	8900000	8850000	57.649
bin_03061	Chr11	8900000	9000000	8950000	58.5346
bin_03062	Chr11	9000000	9200000	9100000	58.9372
bin_03063	Chr11	9200000	9300000	9250000	59.4203
bin_03064	Chr11	9300000	9400000	9350000	59.9839
bin_03065	Chr11	9400000	9500000	9450000	60.628
bin_03066	Chr11	9500000	9600000	9550000	61.5942
bin_03067	Chr11	9600000	9700000	9650000	61.6747
bin_03068	Chr11	9700000	9800000	9750000	63.2045
bin_03069	Chr11	9800000	9900000	9850000	63.6071
bin_03070	Chr11	9900000	10000000	9950000	64.3317
bin_03071	Chr11	10000000	10100000	10050000	65.3784
bin_03072	Chr11	10100000	10200000	10150000	66.0225
bin_03073	Chr11	10200000	10300000	10250000	66.6667
bin_03074	Chr11	10300000	10400000	10350000	67.2303
bin_03075	Chr11	10400000	10500000	10450000	68.9211
bin_03076	Chr11	10500000	10600000	10550000	69.3237
bin_03077	Chr11	10600000	10700000	10650000	70.2093
bin_03078	Chr11	10700000	10800000	10750000	71.4976
bin_03079	Chr11	10800000	10900000	10850000	71.6586
bin_03080	Chr11	10900000	11000000	10950000	73.591
bin_03081	Chr11	11000000	11100000	11050000	73.9936
bin_03082	Chr11	11100000	11200000	11150000	74.8792
bin_03083	Chr11	11200000	11300000	11250000	75.9259
bin_03084	Chr11	11300000	11400000	11350000	76.8921
bin_03085	Chr11	11400000	11500000	11450000	77.7778
bin_03086	Chr11	11500000	11600000	11550000	78.6634
bin_03087	Chr11	11600000	11700000	11650000	81.401
bin_03088	Chr11	11700000	11800000	11750000	81.8035
bin_03089	Chr11	11800000	11900000	11850000	82.1256
bin_03090	Chr11	11900000	12200000	12050000	82.2866
bin_03091	Chr11	12200000	12500000	12350000	82.3671
bin_03092	Chr11	12500000	12600000	12550000	82.4477
bin_03093	Chr11	12600000	12700000	12650000	82.6087
bin_03094	Chr11	12700000	13200000	12950000	82.6892
bin_03095	Chr11	13200000	13400000	13300000	82.8502
bin_03096	Chr11	13400000	13500000	13450000	83.0918
bin_03097	Chr11	13500000	13600000	13550000	83.2528
bin_03098	Chr11	13600000	13700000	13650000	83.4138
bin_03099	Chr11	13700000	14000000	13850000	83.4944
bin_03100	Chr11	14000000	14100000	14050000	83.5749
bin_03101	Chr11	14100000	14300000	14200000	83.8164
bin_03102	Chr11	14300000	14500000	14400000	83.8969
bin_03103	Chr11	14500000	14600000	14550000	84.1385
bin_03104	Chr11	14600000	14700000	14650000	84.219
bin_03105	Chr11	14700000	14900000	14800000	84.2995
bin_03106	Chr11	14900000	15000000	14950000	84.9436
bin_03107	Chr11	15000000	15100000	15050000	85.7488
bin_03108	Chr11	15100000	15200000	15150000	86.7955
bin_03109	Chr11	15200000	15300000	15250000	86.9565
bin_03110	Chr11	15300000	15400000	15350000	87.5201
bin_03111	Chr11	15400000	15500000	15450000	88.0837
bin_03112	Chr11	15500000	15600000	15550000	88.5668
bin_03113	Chr11	15600000	15700000	15650000	89.1304
bin_03114	Chr11	15700000	15800000	15750000	89.6135
bin_03115	Chr11	15800000	15900000	15850000	89.8551
bin_03116	Chr11	15900000	16000000	15950000	90.8213
bin_03117	Chr11	16000000	16100000	16050000	91.4654
bin_03118	Chr11	16100000	16200000	16150000	91.868
bin_03119	Chr11	16200000	16300000	16250000	92.8341
bin_03120	Chr11	16300000	16400000	16350000	94.1224
bin_03121	Chr11	16400000	16500000	16450000	94.7665
bin_03122	Chr11	16500000	16600000	16550000	95.1691
bin_03123	Chr11	16600000	16700000	16650000	95.6522
bin_03124	Chr11	16700000	16800000	16750000	96.5378
bin_03125	Chr11	16800000	16900000	16850000	98.1481
bin_03126	Chr11	16900000	17000000	16950000	99.1948
bin_03127	Chr11	17000000	17100000	17050000	100.2415
bin_03128	Chr11	17100000	17200000	17150000	101.1272
bin_03129	Chr11	17200000	17300000	17250000	102.0934
bin_03130	Chr11	17300000	17400000	17350000	104.0258
bin_03131	Chr11	17400000	17500000	17450000	105.314
bin_03132	Chr11	17500000	17600000	17550000	106.9243
bin_03133	Chr11	17600000	17700000	17650000	107.81
bin_03134	Chr11	17700000	17800000	17750000	108.0515
bin_03135	Chr11	17800000	17900000	17850000	108.4541
bin_03136	Chr11	17900000	18100000	18000000	108.6957
bin_03137	Chr11	18100000	18200000	18150000	108.9372
bin_03138	Chr11	18200000	18300000	18250000	109.1787
bin_03139	Chr11	18300000	18500000	18400000	109.5008
bin_03140	Chr11	18500000	18600000	18550000	109.6618
bin_03141	Chr11	18600000	18700000	18650000	110.0644
bin_03142	Chr11	18700000	18800000	18750000	110.2254
bin_03143	Chr11	18800000	18900000	18850000	110.3865
bin_03144	Chr11	18900000	19000000	18950000	110.789
bin_03145	Chr11	19000000	19200000	19100000	110.8696
bin_03146	Chr11	19200000	19500000	19350000	111.0306
bin_03147	Chr11	19500000	19900000	19700000	111.1916
bin_03148	Chr11	19900000	20300000	20100000	111.2721
bin_03149	Chr11	20300000	20400000	20350000	111.6747
bin_03150	Chr11	20400000	20500000	20450000	111.9163
bin_03151	Chr11	20500000	20600000	20550000	112.1578
bin_03152	Chr11	20600000	20800000	20700000	112.3188
bin_03153	Chr11	20800000	20900000	20850000	112.6409
bin_03154	Chr11	20900000	21000000	20950000	112.7214
bin_03155	Chr11	21000000	21100000	21050000	112.963
bin_03156	Chr11	21100000	21200000	21150000	113.6071
bin_03157	Chr11	21200000	21300000	21250000	114.0097
bin_03158	Chr11	21300000	21500000	21400000	114.2512
bin_03159	Chr11	21500000	21700000	21600000	114.4928
bin_03160	Chr11	21700000	21800000	21750000	114.5733
bin_03161	Chr11	21800000	22000000	21900000	114.7343
bin_03162	Chr11	22000000	22100000	22050000	114.8953
bin_03163	Chr11	22100000	22300000	22200000	114.9758
bin_03164	Chr11	22300000	22400000	22350000	115.0564
bin_03165	Chr11	22400000	22600000	22500000	115.2174
bin_03166	Chr11	22600000	23000000	22800000	115.2979
bin_03167	Chr11	23000000	23100000	23050000	115.4589
bin_03168	Chr11	23100000	23500000	23300000	115.5395
bin_03169	Chr11	23500000	23600000	23550000	115.7005
bin_03170	Chr11	23600000	23700000	23650000	115.781
bin_03171	Chr11	23700000	23900000	23800000	115.8615
bin_03172	Chr11	23900000	24100000	24000000	115.942
bin_03173	Chr11	24100000	24200000	24150000	116.1031
bin_03174	Chr11	24200000	26000000	25100000	116.1836
bin_03175	Chr11	26000000	31300000	28650000	116.2641
bin_03176	Chr11	31300000	34500000	32900000	116.3446
bin_03177	Chr11	34500000	34800000	34650000	116.5056
bin_03178	Chr11	34800000	35200000	35000000	116.5862
bin_03179	Chr11	35200000	35300000	35250000	116.6667
bin_03180	Chr11	35300000	36300000	35800000	116.7472
bin_03181	Chr11	36300000	36500000	36400000	116.9887
bin_03182	Chr11	36500000	36600000	36550000	117.3108
bin_03183	Chr11	36600000	36700000	36650000	117.3913
bin_03184	Chr11	36700000	36800000	36750000	117.4718
bin_03185	Chr11	36800000	37000000	36900000	117.7134
bin_03186	Chr11	37000000	37100000	37050000	118.0354
bin_03187	Chr11	37100000	37300000	37200000	118.3575
bin_03188	Chr11	37300000	37400000	37350000	119.0016
bin_03189	Chr11	37400000	37500000	37450000	119.3237
bin_03190	Chr11	37500000	37600000	37550000	119.8873
bin_03191	Chr11	37600000	37700000	37650000	120.2093
bin_03192	Chr11	37700000	37800000	37750000	120.5314
bin_03193	Chr11	37800000	37900000	37850000	120.934
bin_03194	Chr11	37900000	38000000	37950000	121.1755
bin_03195	Chr11	38000000	38100000	38050000	121.8196
bin_03196	Chr11	38100000	38200000	38150000	122.3833
bin_03197	Chr11	38200000	38300000	38250000	122.6248
bin_03198	Chr11	38300000	38400000	38350000	123.1079
bin_03199	Chr11	38400000	38500000	38450000	123.752
bin_03200	Chr11	38500000	38600000	38550000	124.2351
bin_03201	Chr11	38600000	38700000	38650000	124.8792
bin_03202	Chr11	38700000	38800000	38750000	125.6039
bin_03203	Chr11	38800000	38900000	38850000	126.087
bin_03204	Chr11	38900000	39000000	38950000	126.4895
bin_03205	Chr11	39000000	39100000	39050000	126.8921
bin_03206	Chr11	39100000	39200000	39150000	126.9726
bin_03207	Chr11	39200000	39300000	39250000	127.0531
bin_03208	Chr11	39300000	39400000	39350000	127.6973
bin_03209	Chr11	39400000	39500000	39450000	128.2609
bin_03210	Chr11	39500000	39600000	39550000	128.5829
bin_03211	Chr11	39600000	39700000	39650000	129.5491
bin_03212	Chr11	39700000	39800000	39750000	129.8712
bin_03213	Chr11	39800000	39900000	39850000	131.1594
bin_03214	Chr11	39900000	40000000	39950000	131.723
bin_03215	Chr11	40000000	40100000	40050000	132.0451
bin_03216	Chr11	40100000	40200000	40150000	132.3671
bin_03217	Chr11	40200000	40300000	40250000	132.8502
bin_03218	Chr11	40300000	40400000	40350000	133.4138
bin_03219	Chr11	40400000	40500000	40450000	133.4944
bin_03220	Chr11	40500000	40600000	40550000	134.7021
bin_03221	Chr11	40600000	40700000	40650000	135.4267
bin_03222	Chr12	1	300000	150000	0.0
bin_03223	Chr12	300000	400000	350000	0.161
bin_03224	Chr12	400000	700000	550000	0.4026
bin_03225	Chr12	700000	800000	750000	0.6441
bin_03226	Chr12	800000	900000	850000	0.8052
bin_03227	Chr12	900000	1000000	950000	0.9662
bin_03228	Chr12	1000000	1100000	1050000	1.2077
bin_03229	Chr12	1100000	1200000	1150000	1.6103
bin_03230	Chr12	1200000	1300000	1250000	2.1739
bin_03231	Chr12	1300000	1400000	1350000	3.3011
bin_03232	Chr12	1400000	1500000	1450000	3.8647
bin_03233	Chr12	1500000	1600000	1550000	5.314
bin_03234	Chr12	1600000	1700000	1650000	5.7166
bin_03235	Chr12	1700000	1800000	1750000	6.1192
bin_03236	Chr12	1800000	1900000	1850000	6.4412
bin_03237	Chr12	1900000	2000000	1950000	8.132
bin_03238	Chr12	2000000	2100000	2050000	8.8567
bin_03239	Chr12	2100000	2200000	2150000	9.2593
bin_03240	Chr12	2200000	2400000	2300000	9.8229
bin_03241	Chr12	2400000	2500000	2450000	10.9501
bin_03242	Chr12	2500000	2600000	2550000	12.2383
bin_03243	Chr12	2600000	2700000	2650000	12.8824
bin_03244	Chr12	2700000	2900000	2800000	13.4461
bin_03245	Chr12	2900000	3000000	2950000	14.9758
bin_03246	Chr12	3000000	3100000	3050000	16.0225
bin_03247	Chr12	3100000	3200000	3150000	16.1031
bin_03248	Chr12	3200000	3300000	3250000	16.2641
bin_03249	Chr12	3300000	3400000	3350000	16.6667
bin_03250	Chr12	3400000	3500000	3450000	16.8277
bin_03251	Chr12	3500000	3600000	3550000	18.3575
bin_03252	Chr12	3600000	3700000	3650000	20.2093
bin_03253	Chr12	3700000	3800000	3750000	20.934
bin_03254	Chr12	3800000	3900000	3850000	21.256
bin_03255	Chr12	3900000	4000000	3950000	21.7391
bin_03256	Chr12	4000000	4100000	4050000	22.6248
bin_03257	Chr12	4100000	4200000	4150000	24.0741
bin_03258	Chr12	4200000	4300000	4250000	24.8792
bin_03259	Chr12	4300000	4400000	4350000	25.4428
bin_03260	Chr12	4400000	4500000	4450000	25.9259
bin_03261	Chr12	4500000	4600000	4550000	26.3285
bin_03262	Chr12	4600000	4700000	4650000	27.0531
bin_03263	Chr12	4700000	4800000	4750000	28.905
bin_03264	Chr12	4800000	4900000	4850000	29.3881
bin_03265	Chr12	4900000	5000000	4950000	29.6296
bin_03266	Chr12	5000000	5100000	5050000	29.9517
bin_03267	Chr12	5100000	5200000	5150000	30.2738
bin_03268	Chr12	5200000	5400000	5300000	31.9646
bin_03269	Chr12	5400000	5500000	5450000	32.6087
bin_03270	Chr12	5500000	5600000	5550000	33.3333
bin_03271	Chr12	5600000	5700000	5650000	33.8969
bin_03272	Chr12	5700000	5800000	5750000	34.6216
bin_03273	Chr12	5800000	5900000	5850000	35.9098
bin_03274	Chr12	5900000	6000000	5950000	36.715
bin_03275	Chr12	6000000	6100000	6050000	37.1981
bin_03276	Chr12	6100000	6200000	6150000	37.6006
bin_03277	Chr12	6200000	6300000	6250000	38.3253
bin_03278	Chr12	6300000	6400000	6350000	39.211
bin_03279	Chr12	6400000	6500000	6450000	39.694
bin_03280	Chr12	6500000	6600000	6550000	40.0161
bin_03281	Chr12	6600000	6700000	6650000	40.2576
bin_03282	Chr12	6700000	6800000	6750000	40.9823
bin_03283	Chr12	6800000	6900000	6850000	41.6264
bin_03284	Chr12	6900000	7100000	7000000	43.6393
bin_03285	Chr12	7100000	7200000	7150000	45.7327
bin_03286	Chr12	7200000	7300000	7250000	45.8132
bin_03287	Chr12	7300000	7400000	7350000	46.9404
bin_03288	Chr12	7400000	7500000	7450000	47.8261
bin_03289	Chr12	7500000	7600000	7550000	49.1143
bin_03290	Chr12	7600000	7700000	7650000	49.5169
bin_03291	Chr12	7700000	7800000	7750000	50.2415
bin_03292	Chr12	7800000	7900000	7850000	51.0467
bin_03293	Chr12	7900000	8000000	7950000	52.0129
bin_03294	Chr12	8000000	8100000	8050000	52.1739
bin_03295	Chr12	8100000	8200000	8150000	53.7842
bin_03296	Chr12	8200000	8300000	8250000	55.475
bin_03297	Chr12	8300000	8400000	8350000	55.5556
bin_03298	Chr12	8400000	8500000	8450000	55.7971
bin_03299	Chr12	8500000	8600000	8550000	57.0048
bin_03300	Chr12	8600000	8700000	8650000	59.5008
bin_03301	Chr12	8700000	8900000	8800000	59.9839
bin_03302	Chr12	8900000	9000000	8950000	60.2254
bin_03303	Chr12	9000000	9100000	9050000	61.0306
bin_03304	Chr12	9100000	9200000	9150000	61.4332
bin_03305	Chr12	9200000	9300000	9250000	62.963
bin_03306	Chr12	9300000	9400000	9350000	63.6071
bin_03307	Chr12	9400000	9500000	9450000	63.7681
bin_03308	Chr12	9500000	9600000	9550000	63.9291
bin_03309	Chr12	9600000	9700000	9650000	64.0902
bin_03310	Chr12	9700000	9800000	9750000	64.8148
bin_03311	Chr12	9800000	9900000	9850000	65.2174
bin_03312	Chr12	9900000	10000000	9950000	65.942
bin_03313	Chr12	10000000	10100000	10050000	66.6667
bin_03314	Chr12	10100000	10200000	10150000	67.7134
bin_03315	Chr12	10200000	10300000	10250000	68.3575
bin_03316	Chr12	10300000	10400000	10350000	69.0016
bin_03317	Chr12	10400000	10500000	10450000	69.1626
bin_03318	Chr12	10500000	10600000	10550000	69.3237
bin_03319	Chr12	10600000	10700000	10650000	69.9678
bin_03320	Chr12	10700000	11200000	10950000	70.0483
bin_03321	Chr12	11200000	11300000	11250000	70.3704
bin_03322	Chr12	11300000	11400000	11350000	70.8535
bin_03323	Chr12	11400000	11500000	11450000	71.095
bin_03324	Chr12	11500000	11700000	11600000	71.4171
bin_03325	Chr12	11700000	11800000	11750000	71.9807
bin_03326	Chr12	11800000	11900000	11850000	72.1417
bin_03327	Chr12	11900000	12000000	11950000	72.5443
bin_03328	Chr12	12000000	12100000	12050000	72.6248
bin_03329	Chr12	12100000	12200000	12150000	72.7858
bin_03330	Chr12	12200000	12300000	12250000	72.9469
bin_03331	Chr12	12300000	12500000	12400000	73.1884
bin_03332	Chr12	12500000	12600000	12550000	73.752
bin_03333	Chr12	12600000	12700000	12650000	73.9936
bin_03334	Chr12	12700000	12800000	12750000	74.2351
bin_03335	Chr12	12800000	12900000	12850000	74.4767
bin_03336	Chr12	12900000	13000000	12950000	74.7182
bin_03337	Chr12	13000000	13200000	13100000	75.2013
bin_03338	Chr12	13200000	13400000	13300000	75.3623
bin_03339	Chr12	13400000	13500000	13450000	75.4428
bin_03340	Chr12	13500000	13600000	13550000	75.6844
bin_03341	Chr12	13600000	13700000	13650000	75.8454
bin_03342	Chr12	13700000	13800000	13750000	75.9259
bin_03343	Chr12	13800000	13900000	13850000	76.0064
bin_03344	Chr12	13900000	14200000	14050000	76.087
bin_03345	Chr12	14200000	14300000	14250000	76.1675
bin_03346	Chr12	14300000	14400000	14350000	76.248
bin_03347	Chr12	14400000	14500000	14450000	76.409
bin_03348	Chr12	14500000	14600000	14550000	76.7311
bin_03349	Chr12	14600000	15000000	14800000	76.8921
bin_03350	Chr12	15000000	15200000	15100000	76.9726
bin_03351	Chr12	15200000	15700000	15450000	77.1337
bin_03352	Chr12	15700000	15800000	15750000	77.2947
bin_03353	Chr12	15800000	16100000	15950000	77.4557
bin_03354	Chr12	16100000	16200000	16150000	77.6167
bin_03355	Chr12	16200000	16400000	16300000	78.0193
bin_03356	Chr12	16400000	16600000	16500000	78.1804
bin_03357	Chr12	16600000	17600000	17100000	78.2609
bin_03358	Chr12	17600000	18500000	18050000	78.4219
bin_03359	Chr12	18500000	18700000	18600000	78.6634
bin_03360	Chr12	18700000	19700000	19200000	78.8245
bin_03361	Chr12	19700000	20400000	20050000	78.905
bin_03362	Chr12	20400000	20900000	20650000	79.066
bin_03363	Chr12	20900000	21000000	20950000	79.1465
bin_03364	Chr12	21000000	22000000	21500000	79.3881
bin_03365	Chr12	22000000	22100000	22050000	79.4686
bin_03366	Chr12	22100000	22500000	22300000	79.5491
bin_03367	Chr12	22500000	22600000	22550000	79.6296
bin_03368	Chr12	22600000	22700000	22650000	79.7101
bin_03369	Chr12	22700000	22900000	22800000	79.7907
bin_03370	Chr12	22900000	23000000	22950000	80.1932
bin_03371	Chr12	23000000	23100000	23050000	80.7568
bin_03372	Chr12	23100000	23200000	23150000	81.0789
bin_03373	Chr12	23200000	23300000	23250000	81.3205
bin_03374	Chr12	23300000	23400000	23350000	81.562
bin_03375	Chr12	23400000	23500000	23450000	81.6425
bin_03376	Chr12	23500000	23700000	23600000	81.723
bin_03377	Chr12	23700000	23800000	23750000	81.8841
bin_03378	Chr12	23800000	23900000	23850000	82.0451
bin_03379	Chr12	23900000	24000000	23950000	82.1256
bin_03380	Chr12	24000000	24200000	24100000	82.2866
bin_03381	Chr12	24200000	24600000	24400000	82.3671
bin_03382	Chr12	24600000	26200000	25400000	82.5282
bin_03383	Chr12	26200000	26800000	26500000	82.6892
bin_03384	Chr12	26800000	26900000	26850000	82.7697
bin_03385	Chr12	26900000	27700000	27300000	82.8502
bin_03386	Chr12	27700000	28400000	28050000	82.9308
bin_03387	Chr12	28400000	29000000	28700000	83.0918
bin_03388	Chr12	29000000	30100000	29550000	83.1723
bin_03389	Chr12	30100000	34200000	32150000	83.4138
bin_03390	Chr12	34200000	34500000	34350000	83.4944
bin_03391	Chr12	34500000	34800000	34650000	83.5749
bin_03392	Chr12	34800000	34900000	34850000	83.8164
bin_03393	Chr12	34900000	35000000	34950000	83.8969
bin_03394	Chr12	35000000	35500000	35250000	84.058
bin_03395	Chr12	35500000	35600000	35550000	84.219
bin_03396	Chr12	35600000	35700000	35650000	84.4605
bin_03397	Chr12	35700000	36000000	35850000	84.5411
bin_03398	Chr12	36000000	36200000	36100000	84.6216
bin_03399	Chr12	36200000	36300000	36250000	84.9436
bin_03400	Chr12	36300000	36400000	36350000	85.5072
bin_03401	Chr12	36400000	36500000	36450000	85.9098
bin_03402	Chr12	36500000	36600000	36550000	86.2319
bin_03403	Chr12	36600000	36800000	36700000	86.4734
bin_03404	Chr12	36800000	36900000	36850000	86.6345
bin_03405	Chr12	36900000	37000000	36950000	86.9565
bin_03406	Chr12	37000000	37300000	37150000	87.1981
bin_03407	Chr12	37300000	37400000	37350000	87.6006
bin_03408	Chr12	37400000	37500000	37450000	88.6473
bin_03409	Chr12	37500000	37600000	37550000	89.372
bin_03410	Chr12	37600000	37700000	37650000	89.8551
bin_03411	Chr12	37700000	37800000	37750000	90.4187
bin_03412	Chr12	37800000	37900000	37850000	91.3043
bin_03413	Chr12	37900000	38000000	37950000	93.8808
bin_03414	Chr12	38000000	38100000	38050000	94.847
bin_03415	Chr12	38100000	38200000	38150000	96.2963
bin_03416	Chr12	38200000	38300000	38250000	96.6184
bin_03417	Chr12	38300000	38400000	38350000	96.7794
bin_03418	Chr12	38400000	38500000	38450000	97.7456
bin_03419	Chr12	38500000	38600000	38550000	98.1481
bin_03420	Chr12	38600000	38700000	38650000	99.0338
bin_03421	Chr12	38700000	38800000	38750000	100.6441
bin_03422	Chr12	38800000	38900000	38850000	101.8519
bin_03423	Chr12	38900000	39000000	38950000	102.5765
bin_03424	Chr12	39000000	39100000	39050000	104.1868
bin_03425	Chr12	39100000	39200000	39150000	104.9919
bin_03426	Chr12	39200000	39300000	39250000	106.3607
bin_03427	Chr12	39300000	39400000	39350000	107.4879
bin_03428	Chr12	39400000	39500000	39450000	107.971
bin_03429	Chr12	39500000	39600000	39550000	108.4541
bin_03430	Chr12	39600000	39700000	39650000	109.8229
bin_03431	Chr12	39700000	39800000	39750000	111.2721
bin_03432	Chr12	39800000	39900000	39850000	111.6747
bin_03433	Chr12	39900000	40000000	39950000	112.0773
bin_03434	Chr12	40000000	40100000	40050000	113.2045
bin_03435	Chr12	40100000	40200000	40150000	114.0902
bin_03436	Chr12	40200000	40300000	40250000	114.1707
bin_03437	Chr12	40300000	40400000	40350000	115.2174
bin_03438	Chr12	40400000	40500000	40450000	116.3446
bin_03439	Chr12	40500000	40600000	40550000	116.9082
bin_03440	Chr12	40600000	40700000	40650000	118.1965
bin_03441	Chr12	40700000	40800000	40750000	119.0821
bin_03442	Chr12	40800000	40900000	40850000	119.8068
bin_03443	Chr12	40900000	41000000	40950000	120.6119
bin_03444	Chr12	41000000	41100000	41050000	120.934
bin_03445	Chr12	41100000	41200000	41150000	121.5781
bin_03446	Chr12	41200000	41300000	41250000	121.8196
bin_03447	Chr12	41300000	41400000	41350000	122.6248
bin_03448	Chr12	41400000	41500000	41450000	123.0274
bin_03449	Chr12	41500000	41600000	41550000	123.9936
bin_03450	Chr12	41600000	41700000	41650000	124.4767
bin_03451	Chr12	41700000	41800000	41750000	125.3623
bin_03452	Chr12	41800000	41900000	41850000	125.8454
bin_03453	Chr12	41900000	42000000	41950000	126.57
bin_03454	Chr12	42000000	42100000	42050000	127.2947
bin_03455	Chr12	42100000	42200000	42150000	129.4686
bin_03456	Chr12	42200000	42300000	42250000	130.9179
bin_03457	Chr12	42300000	42400000	42350000	132.6892
bin_03458	Chr12	42400000	42500000	42450000	133.4944
bin_03459	Chr12	42500000	42600000	42550000	134.4605
bin_03460	Chr12	42600000	42700000	42650000	135.3462
bin_03461	Chr12	42700000	42800000	42750000	135.4267
bin_03462	Chr12	42800000	42900000	42850000	135.8293
bin_03463	Chr12	42900000	43000000	42950000	136.6345
bin_03464	Chr12	43000000	43100000	43050000	136.9565
bin_03465	Chr12	43100000	43200000	43150000	137.3591
bin_03466	Chr12	43200000	43300000	43250000	137.9227
bin_03467	Chr12	43300000	43400000	43350000	138.8084
bin_03468	Chr12	43400000	43500000	43450000	139.1304
bin_03469	Chr12	43500000	43600000	43550000	139.7746
bin_03470	Chr12	43600000	43700000	43650000	140.2576
bin_03471	Chr12	43700000	43800000	43750000	140.5797
bin_03472	Chr12	43800000	43900000	43850000	141.3849
bin_03473	Chr12	43900000	44000000	43950000	141.6264
bin_03474	Chr12	44000000	44100000	44050000	142.4316
bin_03475	Chr12	44100000	44200000	44150000	142.9952
bin_03476	Chr12	44200000	44300000	44250000	144.0419
bin_03477	Chr12	44300000	44400000	44350000	144.686
bin_03478	Chr12	44400000	44494750	44447375	144.7665
bin_03479	Chr13	1	500000	250000	0.0
bin_03480	Chr13	500000	600000	550000	0.0805
bin_03481	Chr13	600000	800000	700000	0.2415
bin_03482	Chr13	800000	1000000	900000	0.3221
bin_03483	Chr13	1000000	1300000	1150000	0.4026
bin_03484	Chr13	1300000	1600000	1450000	0.4831
bin_03485	Chr13	1600000	1700000	1650000	0.5636
bin_03486	Chr13	1700000	2000000	1850000	0.7246
bin_03487	Chr13	2000000	4000000	3000000	0.8052
bin_03488	Chr13	4000000	4100000	4050000	0.8857
bin_03489	Chr13	4100000	5300000	4700000	0.9662
bin_03490	Chr13	5300000	5700000	5500000	1.0467
bin_03491	Chr13	5700000	7600000	6650000	1.1272
bin_03492	Chr13	7600000	9300000	8450000	1.2077
bin_03493	Chr13	9300000	10500000	9900000	1.2882
bin_03494	Chr13	10500000	11000000	10750000	1.3688
bin_03495	Chr13	11000000	11100000	11050000	2.1739
bin_03496	Chr13	11100000	11200000	11150000	2.4155
bin_03497	Chr13	11200000	11500000	11350000	2.5765
bin_03498	Chr13	11500000	11700000	11600000	2.657
bin_03499	Chr13	11700000	11800000	11750000	2.7375
bin_03500	Chr13	11800000	12000000	11900000	3.1401
bin_03501	Chr13	12000000	12100000	12050000	3.3011
bin_03502	Chr13	12100000	12400000	12250000	3.3816
bin_03503	Chr13	12400000	12600000	12500000	3.7037
bin_03504	Chr13	12600000	12700000	12650000	3.7842
bin_03505	Chr13	12700000	12900000	12800000	3.8647
bin_03506	Chr13	12900000	13600000	13250000	3.9452
bin_03507	Chr13	13600000	14100000	13850000	4.0258
bin_03508	Chr13	14100000	14200000	14150000	4.1063
bin_03509	Chr13	14200000	14400000	14300000	4.2673
bin_03510	Chr13	14400000	14500000	14450000	4.5894
bin_03511	Chr13	14500000	14600000	14550000	5.153
bin_03512	Chr13	14600000	14700000	14650000	6.2802
bin_03513	Chr13	14700000	14800000	14750000	6.6828
bin_03514	Chr13	14800000	14900000	14850000	6.8438
bin_03515	Chr13	14900000	15000000	14950000	7.5684
bin_03516	Chr13	15000000	15100000	15050000	8.0515
bin_03517	Chr13	15100000	15200000	15150000	8.4541
bin_03518	Chr13	15200000	15300000	15250000	9.0982
bin_03519	Chr13	15300000	15400000	15350000	9.5008
bin_03520	Chr13	15400000	15500000	15450000	10.306
bin_03521	Chr13	15500000	15600000	15550000	10.7085
bin_03522	Chr13	15600000	15800000	15700000	11.1111
bin_03523	Chr13	15800000	15900000	15850000	11.6747
bin_03524	Chr13	15900000	16000000	15950000	12.1578
bin_03525	Chr13	16000000	16100000	16050000	13.124
bin_03526	Chr13	16100000	16200000	16150000	13.5266
bin_03527	Chr13	16200000	16300000	16250000	14.4928
bin_03528	Chr13	16300000	16400000	16350000	15.8615
bin_03529	Chr13	16400000	16500000	16450000	16.2641
bin_03530	Chr13	16500000	16600000	16550000	16.5056
bin_03531	Chr13	16600000	16700000	16650000	17.0692
bin_03532	Chr13	16700000	16800000	16750000	17.3108
bin_03533	Chr13	16800000	16900000	16850000	17.6329
bin_03534	Chr13	16900000	17000000	16950000	17.7939
bin_03535	Chr13	17000000	17100000	17050000	18.6795
bin_03536	Chr13	17100000	17200000	17150000	18.9211
bin_03537	Chr13	17200000	17300000	17250000	19.5652
bin_03538	Chr13	17300000	17400000	17350000	19.9678
bin_03539	Chr13	17400000	17500000	17450000	20.6119
bin_03540	Chr13	17500000	17600000	17550000	21.9002
bin_03541	Chr13	17600000	17700000	17650000	22.4638
bin_03542	Chr13	17700000	17800000	17750000	22.9469
bin_03543	Chr13	17800000	17900000	17850000	23.913
bin_03544	Chr13	17900000	18000000	17950000	24.5572
bin_03545	Chr13	18000000	18100000	18050000	25.3623
bin_03546	Chr13	18100000	18400000	18250000	25.8454
bin_03547	Chr13	18400000	18500000	18450000	26.0064
bin_03548	Chr13	18500000	18800000	18650000	26.4895
bin_03549	Chr13	18800000	18900000	18850000	26.6506
bin_03550	Chr13	18900000	19000000	18950000	26.7311
bin_03551	Chr13	19000000	19200000	19100000	27.0531
bin_03552	Chr13	19200000	19300000	19250000	27.1337
bin_03553	Chr13	19300000	19400000	19350000	27.4557
bin_03554	Chr13	19400000	19500000	19450000	27.8583
bin_03555	Chr13	19500000	19700000	19600000	28.0193
bin_03556	Chr13	19700000	19800000	19750000	28.2609
bin_03557	Chr13	19800000	19900000	19850000	28.5024
bin_03558	Chr13	19900000	20000000	19950000	28.9855
bin_03559	Chr13	20000000	20100000	20050000	29.066
bin_03560	Chr13	20100000	20200000	20150000	30.0322
bin_03561	Chr13	20200000	20400000	20300000	31.0789
bin_03562	Chr13	20400000	20500000	20450000	31.4815
bin_03563	Chr13	20500000	20600000	20550000	31.6425
bin_03564	Chr13	20600000	20700000	20650000	31.8035
bin_03565	Chr13	20700000	20800000	20750000	32.3671
bin_03566	Chr13	20800000	20900000	20850000	32.9308
bin_03567	Chr13	20900000	21000000	20950000	33.4138
bin_03568	Chr13	21000000	21200000	21100000	34.058
bin_03569	Chr13	21200000	21300000	21250000	35.1852
bin_03570	Chr13	21300000	21400000	21350000	35.7488
bin_03571	Chr13	21400000	21500000	21450000	36.3124
bin_03572	Chr13	21500000	21600000	21550000	36.715
bin_03573	Chr13	21600000	21700000	21650000	37.1981
bin_03574	Chr13	21700000	21800000	21750000	37.5201
bin_03575	Chr13	21800000	21900000	21850000	38.4058
bin_03576	Chr13	21900000	22000000	21950000	40.2576
bin_03577	Chr13	22000000	22100000	22050000	41.2238
bin_03578	Chr13	22100000	22200000	22150000	41.868
bin_03579	Chr13	22200000	22300000	22250000	42.351
bin_03580	Chr13	22300000	22400000	22350000	42.7536
bin_03581	Chr13	22400000	22500000	22450000	43.2367
bin_03582	Chr13	22500000	22600000	22550000	43.7198
bin_03583	Chr13	22600000	22700000	22650000	44.4444
bin_03584	Chr13	22700000	22800000	22750000	44.7665
bin_03585	Chr13	22800000	22900000	22850000	45.6522
bin_03586	Chr13	22900000	23000000	22950000	47.6651
bin_03587	Chr13	23000000	23100000	23050000	48.4702
bin_03588	Chr13	23100000	23200000	23150000	48.5507
bin_03589	Chr13	23200000	23300000	23250000	48.6312
bin_03590	Chr13	23300000	23400000	23350000	48.8728
bin_03591	Chr13	23400000	23500000	23450000	49.1948
bin_03592	Chr13	23500000	23600000	23550000	49.6779
bin_03593	Chr13	23600000	23700000	23650000	49.839
bin_03594	Chr13	23700000	23800000	23750000	50.161
bin_03595	Chr13	23800000	23900000	23850000	51.3688
bin_03596	Chr13	23900000	24000000	23950000	52.5765
bin_03597	Chr13	24000000	24100000	24050000	52.818
bin_03598	Chr13	24100000	24200000	24150000	53.6232
bin_03599	Chr13	24200000	24300000	24250000	53.7037
bin_03600	Chr13	24300000	24400000	24350000	54.3478
bin_03601	Chr13	24400000	24600000	24500000	54.5089
bin_03602	Chr13	24600000	24700000	24650000	54.8309
bin_03603	Chr13	24700000	24800000	24750000	55.314
bin_03604	Chr13	24800000	24900000	24850000	55.7971
bin_03605	Chr13	24900000	25000000	24950000	56.0386
bin_03606	Chr13	25000000	25100000	25050000	56.1192
bin_03607	Chr13	25100000	25200000	25150000	56.4412
bin_03608	Chr13	25200000	25300000	25250000	56.8438
bin_03609	Chr13	25300000	25400000	25350000	57.0853
bin_03610	Chr13	25400000	25500000	25450000	57.5684
bin_03611	Chr13	25500000	25600000	25550000	57.649
bin_03612	Chr13	25600000	25700000	25650000	57.971
bin_03613	Chr13	25700000	25900000	25800000	58.132
bin_03614	Chr13	25900000	26200000	26050000	58.3736
bin_03615	Chr13	26200000	26300000	26250000	58.5346
bin_03616	Chr13	26300000	26400000	26350000	58.6151
bin_03617	Chr13	26400000	26500000	26450000	58.8567
bin_03618	Chr13	26500000	26700000	26600000	59.0177
bin_03619	Chr13	26700000	26900000	26800000	59.3398
bin_03620	Chr13	26900000	27000000	26950000	59.4203
bin_03621	Chr13	27000000	27100000	27050000	59.5008
bin_03622	Chr13	27100000	27300000	27200000	59.5813
bin_03623	Chr13	27300000	27400000	27350000	59.7424
bin_03624	Chr13	27400000	27500000	27450000	59.9839
bin_03625	Chr13	27500000	27600000	27550000	60.0644
bin_03626	Chr13	27600000	27700000	27650000	60.1449
bin_03627	Chr13	27700000	27800000	27750000	60.2254
bin_03628	Chr13	27800000	27900000	27850000	60.306
bin_03629	Chr13	27900000	28200000	28050000	60.5475
bin_03630	Chr13	28200000	28300000	28250000	60.789
bin_03631	Chr13	28300000	28500000	28400000	61.3527
bin_03632	Chr13	28500000	28600000	28550000	61.6747
bin_03633	Chr13	28600000	28700000	28650000	62.2383
bin_03634	Chr13	28700000	28800000	28750000	62.3188
bin_03635	Chr13	28800000	28900000	28850000	62.8019
bin_03636	Chr13	28900000	29000000	28950000	62.8824
bin_03637	Chr13	29000000	29100000	29050000	63.285
bin_03638	Chr13	29100000	29200000	29150000	63.8486
bin_03639	Chr13	29200000	29300000	29250000	64.2512
bin_03640	Chr13	29300000	29400000	29350000	64.8148
bin_03641	Chr13	29400000	29500000	29450000	65.2979
bin_03642	Chr13	29500000	29600000	29550000	65.5395
bin_03643	Chr13	29600000	29700000	29650000	65.942
bin_03644	Chr13	29700000	29800000	29750000	66.3446
bin_03645	Chr13	29800000	29900000	29850000	66.7472
bin_03646	Chr13	29900000	30000000	29950000	67.2303
bin_03647	Chr13	30000000	30100000	30050000	67.5523
bin_03648	Chr13	30100000	30200000	30150000	67.7134
bin_03649	Chr13	30200000	30300000	30250000	68.277
bin_03650	Chr13	30300000	30400000	30350000	68.8406
bin_03651	Chr13	30400000	30500000	30450000	69.2432
bin_03652	Chr13	30500000	30600000	30550000	69.5652
bin_03653	Chr13	30600000	30700000	30650000	69.6457
bin_03654	Chr13	30700000	30800000	30750000	69.8068
bin_03655	Chr13	30800000	30900000	30850000	70.1288
bin_03656	Chr13	30900000	31000000	30950000	70.2899
bin_03657	Chr13	31000000	31100000	31050000	71.3366
bin_03658	Chr13	31100000	31200000	31150000	71.6586
bin_03659	Chr13	31200000	31300000	31250000	71.9002
bin_03660	Chr13	31300000	31400000	31350000	72.3833
bin_03661	Chr13	31400000	31500000	31450000	72.6248
bin_03662	Chr13	31500000	31600000	31550000	73.0274
bin_03663	Chr13	31600000	31700000	31650000	73.1884
bin_03664	Chr13	31700000	31800000	31750000	73.591
bin_03665	Chr13	31800000	31900000	31850000	73.9936
bin_03666	Chr13	31900000	32000000	31950000	75.1208
bin_03667	Chr13	32000000	32100000	32050000	75.3623
bin_03668	Chr13	32100000	32200000	32150000	76.087
bin_03669	Chr13	32200000	32300000	32250000	76.6506
bin_03670	Chr13	32300000	32400000	32350000	76.7311
bin_03671	Chr13	32400000	32500000	32450000	77.0531
bin_03672	Chr13	32500000	32600000	32550000	77.5362
bin_03673	Chr13	32600000	32700000	32650000	77.6167
bin_03674	Chr13	32700000	32800000	32750000	78.5024
bin_03675	Chr13	32800000	32900000	32850000	78.744
bin_03676	Chr13	32900000	33000000	32950000	78.905
bin_03677	Chr13	33000000	33100000	33050000	79.8712
bin_03678	Chr13	33100000	33200000	33150000	80.9179
bin_03679	Chr13	33200000	33300000	33250000	81.1594
bin_03680	Chr13	33300000	33400000	33350000	81.9646
bin_03681	Chr13	33400000	33500000	33450000	82.2061
bin_03682	Chr13	33500000	33600000	33550000	82.9308
bin_03683	Chr13	33600000	33700000	33650000	83.9775
bin_03684	Chr13	33700000	33800000	33750000	85.1047
bin_03685	Chr13	33800000	33900000	33850000	86.0709
bin_03686	Chr13	33900000	34000000	33950000	86.3929
bin_03687	Chr13	34000000	34100000	34050000	87.3591
bin_03688	Chr13	34100000	34200000	34150000	87.9227
bin_03689	Chr13	34200000	34300000	34250000	89.533
bin_03690	Chr13	34300000	34400000	34350000	90.0966
bin_03691	Chr13	34400000	34500000	34450000	90.9823
bin_03692	Chr13	34500000	34600000	34550000	91.7874
bin_03693	Chr13	34600000	34700000	34650000	92.2705
bin_03694	Chr13	34700000	34800000	34750000	92.5121
bin_03695	Chr13	34800000	34900000	34850000	93.0757
bin_03696	Chr13	34900000	35000000	34950000	94.2834
bin_03697	Chr13	35000000	35100000	35050000	94.525
bin_03698	Chr13	35100000	35200000	35150000	94.7665
bin_03699	Chr13	35200000	35300000	35250000	95.3301
bin_03700	Chr13	35300000	35400000	35350000	96.0548
bin_03701	Chr13	35400000	35500000	35450000	96.4573
bin_03702	Chr13	35500000	35600000	35550000	97.0209
bin_03703	Chr13	35600000	35700000	35650000	97.343
bin_03704	Chr13	35700000	35800000	35750000	97.8261
bin_03705	Chr13	35800000	35900000	35850000	98.4702
bin_03706	Chr13	35900000	36000000	35950000	98.7118
bin_03707	Chr13	36000000	36100000	36050000	99.2754
bin_03708	Chr13	36100000	36200000	36150000	101.1272
bin_03709	Chr13	36200000	36300000	36250000	101.6103
bin_03710	Chr13	36300000	36400000	36350000	102.0129
bin_03711	Chr13	36400000	36500000	36450000	102.8986
bin_03712	Chr13	36500000	36600000	36550000	103.5427
bin_03713	Chr13	36600000	36700000	36650000	104.8309
bin_03714	Chr13	36700000	36800000	36750000	105.2335
bin_03715	Chr13	36800000	36900000	36850000	105.7166
bin_03716	Chr13	36900000	37000000	36950000	106.4412
bin_03717	Chr13	37000000	37100000	37050000	107.0048
bin_03718	Chr13	37100000	37200000	37150000	107.7295
bin_03719	Chr13	37200000	37300000	37250000	108.8567
bin_03720	Chr13	37300000	37400000	37350000	109.2593
bin_03721	Chr13	37400000	37500000	37450000	110.306
bin_03722	Chr13	37500000	37600000	37550000	111.3527
bin_03723	Chr13	37600000	37700000	37650000	112.1578
bin_03724	Chr13	37700000	37800000	37750000	112.4799
bin_03725	Chr13	37800000	37900000	37850000	113.3655
bin_03726	Chr13	37900000	38000000	37950000	114.0097
bin_03727	Chr13	38000000	38100000	38050000	114.4928
bin_03728	Chr13	38100000	38200000	38150000	115.3784
bin_03729	Chr13	38200000	38300000	38250000	115.781
bin_03730	Chr13	38300000	38400000	38350000	116.1031
bin_03731	Chr13	38400000	38500000	38450000	116.7472
bin_03732	Chr13	38500000	38600000	38550000	119.5652
bin_03733	Chr13	38600000	38700000	38650000	119.7262
bin_03734	Chr13	38700000	38800000	38750000	119.9678
bin_03735	Chr13	38800000	38900000	38850000	120.5314
bin_03736	Chr13	38900000	39000000	38950000	122.2222
bin_03737	Chr13	39000000	39100000	39050000	122.7858
bin_03738	Chr13	39100000	39200000	39150000	123.1079
bin_03739	Chr13	39200000	39300000	39250000	123.6715
bin_03740	Chr13	39300000	39400000	39350000	124.2351
bin_03741	Chr13	39400000	39500000	39450000	125.2818
bin_03742	Chr13	39500000	39600000	39550000	125.6844
bin_03743	Chr13	39600000	39700000	39650000	125.9259
bin_03744	Chr13	39700000	39800000	39750000	126.8116
bin_03745	Chr13	39800000	39900000	39850000	127.1337
bin_03746	Chr13	39900000	40200000	40050000	127.2142
bin_03747	Chr13	40200000	40300000	40250000	128.0193
bin_03748	Chr13	40300000	40400000	40350000	128.5024
bin_03749	Chr13	40400000	40500000	40450000	129.2271
bin_03750	Chr13	40500000	40600000	40550000	130.2738
bin_03751	Chr13	40600000	40700000	40650000	130.9984
bin_03752	Chr13	40700000	40800000	40750000	131.4815
bin_03753	Chr13	40800000	40900000	40850000	131.9646
bin_03754	Chr13	40900000	41000000	40950000	132.5282
bin_03755	Chr13	41000000	41100000	41050000	132.7697
bin_03756	Chr13	41100000	41200000	41150000	133.2528
bin_03757	Chr13	41200000	41300000	41250000	133.8164
bin_03758	Chr13	41300000	41400000	41350000	134.1385
bin_03759	Chr13	41400000	41500000	41450000	134.8631
bin_03760	Chr13	41500000	41600000	41550000	135.1852
bin_03761	Chr13	41600000	41700000	41650000	135.8293
bin_03762	Chr13	41700000	41800000	41750000	136.715
bin_03763	Chr13	41800000	41900000	41850000	137.037
bin_03764	Chr13	41900000	42000000	41950000	137.6812
bin_03765	Chr13	42000000	42100000	42050000	138.4058
bin_03766	Chr13	42100000	42200000	42150000	139.0499
bin_03767	Chr13	42200000	42300000	42250000	139.9356
bin_03768	Chr13	42300000	42400000	42350000	140.2576
bin_03769	Chr13	42400000	42500000	42450000	140.4187
bin_03770	Chr13	42500000	42600000	42550000	141.3043
bin_03771	Chr13	42600000	42700000	42650000	141.7874
bin_03772	Chr13	42700000	42800000	42750000	142.5121
bin_03773	Chr13	42800000	42900000	42850000	143.0757
bin_03774	Chr13	42900000	43000000	42950000	143.7198
bin_03775	Chr13	43000000	43100000	43050000	144.7665
bin_03776	Chr13	43100000	43200000	43150000	145.5717
bin_03777	Chr13	43200000	43300000	43250000	146.6184
bin_03778	Chr13	43300000	43400000	43350000	147.7456
bin_03779	Chr13	43400000	43500000	43450000	148.0676
bin_03780	Chr13	43500000	43600000	43550000	148.6312
bin_03781	Chr13	43600000	43700000	43650000	150.161
bin_03782	Chr13	43700000	43800000	43750000	150.7246
bin_03783	Chr13	43800000	43900000	43850000	151.2882
bin_03784	Chr13	43900000	44000000	43950000	152.2544
bin_03785	Chr13	44000000	44100000	44050000	153.2206
bin_03786	Chr13	44100000	44200000	44150000	154.6699
bin_03787	Chr13	44200000	44300000	44250000	155.2335
bin_03788	Chr13	44300000	44400000	44350000	156.1192
bin_03789	Chr13	44400000	44500000	44450000	157.1659
bin_03790	Chr13	44500000	44600000	44550000	158.0515
bin_03791	Chr13	44600000	44700000	44650000	159.0177
bin_03792	Chr13	44700000	44800000	44750000	159.5008
bin_03793	Chr13	44800000	44900000	44850000	160.5475
bin_03794	Chr13	44900000	45000000	44950000	161.6747
bin_03795	Chr13	45000000	45100000	45050000	162.3994
bin_03796	Chr13	45100000	45200000	45150000	163.0435
bin_03797	Chr13	45200000	45300000	45250000	164.0902
bin_03798	Chr13	45300000	45400000	45350000	164.7343
bin_03799	Chr13	45400000	45500000	45450000	165.0564
bin_03800	Chr13	45500000	45600000	45550000	165.942
bin_03801	Chr13	45600000	45700000	45650000	166.7472
bin_03802	Chr13	45700000	45800000	45750000	167.2303
bin_03803	Chr13	45800000	45900000	45850000	167.5523
bin_03804	Chr13	45900000	46000000	45950000	168.1159
bin_03805	Chr13	46000000	46100000	46050000	168.599
bin_03806	Chr13	46100000	46200000	46150000	169.4042
bin_03807	Chr13	46200000	46300000	46250000	169.7262
bin_03808	Chr13	46300000	46400000	46350000	173.1884
bin_03809	Chr13	46400000	46500000	46450000	174.3156
bin_03810	Chr13	46500000	46600000	46550000	174.7987
bin_03811	Chr13	46600000	46700000	46650000	176.9726
bin_03812	Chr13	46700000	46800000	46750000	181.723
bin_03813	Chr13	46800000	46900000	46850000	182.7697
bin_03814	Chr13	46900000	47000000	46950000	183.0918
bin_03815	Chr13	47000000	47100000	47050000	183.7359
bin_03816	Chr14	1	300000	150000	0.0
bin_03817	Chr14	300000	400000	350000	0.0805
bin_03818	Chr14	400000	500000	450000	0.2415
bin_03819	Chr14	500000	600000	550000	0.4026
bin_03820	Chr14	600000	700000	650000	0.5636
bin_03821	Chr14	700000	800000	750000	0.7246
bin_03822	Chr14	800000	900000	850000	0.9662
bin_03823	Chr14	900000	1000000	950000	1.2882
bin_03824	Chr14	1000000	1100000	1050000	2.0129
bin_03825	Chr14	1100000	1200000	1150000	2.1739
bin_03826	Chr14	1200000	1300000	1250000	2.818
bin_03827	Chr14	1300000	1400000	1350000	4.0258
bin_03828	Chr14	1400000	1500000	1450000	4.8309
bin_03829	Chr14	1500000	1600000	1550000	5.475
bin_03830	Chr14	1600000	1700000	1650000	6.4412
bin_03831	Chr14	1700000	1800000	1750000	7.0048
bin_03832	Chr14	1800000	1900000	1850000	7.5684
bin_03833	Chr14	1900000	2000000	1950000	7.971
bin_03834	Chr14	2000000	2100000	2050000	9.2593
bin_03835	Chr14	2100000	2200000	2150000	9.5813
bin_03836	Chr14	2200000	2300000	2250000	10.3865
bin_03837	Chr14	2300000	2400000	2350000	10.5475
bin_03838	Chr14	2400000	2500000	2450000	10.789
bin_03839	Chr14	2500000	2600000	2550000	11.2721
bin_03840	Chr14	2600000	2700000	2650000	12.6409
bin_03841	Chr14	2700000	2800000	2750000	13.0435
bin_03842	Chr14	2800000	2900000	2850000	13.2045
bin_03843	Chr14	2900000	3000000	2950000	13.8486
bin_03844	Chr14	3000000	3100000	3050000	14.4928
bin_03845	Chr14	3100000	3200000	3150000	14.8953
bin_03846	Chr14	3200000	3300000	3250000	15.781
bin_03847	Chr14	3300000	3400000	3350000	16.2641
bin_03848	Chr14	3400000	3500000	3450000	16.9082
bin_03849	Chr14	3500000	3600000	3550000	17.9549
bin_03850	Chr14	3600000	3700000	3650000	18.438
bin_03851	Chr14	3700000	3800000	3750000	18.599
bin_03852	Chr14	3800000	3900000	3850000	19.2432
bin_03853	Chr14	3900000	4000000	3950000	20.1288
bin_03854	Chr14	4000000	4100000	4050000	21.1755
bin_03855	Chr14	4100000	4200000	4150000	21.4976
bin_03856	Chr14	4200000	4300000	4250000	22.3027
bin_03857	Chr14	4300000	4400000	4350000	23.1884
bin_03858	Chr14	4400000	4500000	4450000	23.9936
bin_03859	Chr14	4500000	4600000	4550000	24.9597
bin_03860	Chr14	4600000	4700000	4650000	25.1208
bin_03861	Chr14	4700000	4800000	4750000	25.6039
bin_03862	Chr14	4800000	4900000	4850000	26.3285
bin_03863	Chr14	4900000	5000000	4950000	27.6167
bin_03864	Chr14	5000000	5100000	5050000	28.0193
bin_03865	Chr14	5100000	5200000	5150000	28.744
bin_03866	Chr14	5200000	5300000	5250000	29.2271
bin_03867	Chr14	5300000	5400000	5350000	29.3076
bin_03868	Chr14	5400000	5500000	5450000	30.2738
bin_03869	Chr14	5500000	5600000	5550000	30.8374
bin_03870	Chr14	5600000	5700000	5650000	31.723
bin_03871	Chr14	5700000	5800000	5750000	32.4477
bin_03872	Chr14	5800000	5900000	5850000	32.6892
bin_03873	Chr14	5900000	6000000	5950000	34.4605
bin_03874	Chr14	6000000	6100000	6050000	35.2657
bin_03875	Chr14	6100000	6200000	6150000	36.2319
bin_03876	Chr14	6200000	6300000	6250000	37.9227
bin_03877	Chr14	6300000	6400000	6350000	39.0499
bin_03878	Chr14	6400000	6500000	6450000	39.9356
bin_03879	Chr14	6500000	6600000	6550000	42.351
bin_03880	Chr14	6600000	6700000	6650000	43.8003
bin_03881	Chr14	6700000	6800000	6750000	44.686
bin_03882	Chr14	6800000	6900000	6850000	45.1691
bin_03883	Chr14	6900000	7000000	6950000	45.5717
bin_03884	Chr14	7000000	7100000	7050000	46.6989
bin_03885	Chr14	7100000	7200000	7150000	47.9871
bin_03886	Chr14	7200000	7300000	7250000	48.9533
bin_03887	Chr14	7300000	7400000	7350000	49.4364
bin_03888	Chr14	7400000	7500000	7450000	49.7585
bin_03889	Chr14	7500000	7600000	7550000	50.2415
bin_03890	Chr14	7600000	7700000	7650000	51.9324
bin_03891	Chr14	7700000	7800000	7750000	53.1401
bin_03892	Chr14	7800000	7900000	7850000	54.5089
bin_03893	Chr14	7900000	8000000	7950000	55.7971
bin_03894	Chr14	8000000	8100000	8050000	56.6023
bin_03895	Chr14	8100000	8200000	8150000	58.0515
bin_03896	Chr14	8200000	8300000	8250000	59.0177
bin_03897	Chr14	8300000	8400000	8350000	59.7424
bin_03898	Chr14	8400000	8500000	8450000	60.2254
bin_03899	Chr14	8500000	8600000	8550000	61.1111
bin_03900	Chr14	8600000	8700000	8650000	61.1916
bin_03901	Chr14	8700000	8800000	8750000	62.3994
bin_03902	Chr14	8800000	8900000	8850000	62.8019
bin_03903	Chr14	8900000	9000000	8950000	63.7681
bin_03904	Chr14	9000000	9100000	9050000	64.1707
bin_03905	Chr14	9100000	9200000	9150000	65.1369
bin_03906	Chr14	9200000	9300000	9250000	65.2979
bin_03907	Chr14	9300000	9400000	9350000	66.3446
bin_03908	Chr14	9400000	9500000	9450000	66.6667
bin_03909	Chr14	9500000	9600000	9550000	66.8277
bin_03910	Chr14	9600000	9700000	9650000	66.9887
bin_03911	Chr14	9700000	9800000	9750000	68.0354
bin_03912	Chr14	9800000	9900000	9850000	68.7601
bin_03913	Chr14	9900000	10000000	9950000	69.2432
bin_03914	Chr14	10000000	10100000	10050000	69.3237
bin_03915	Chr14	10100000	10200000	10150000	69.4847
bin_03916	Chr14	10200000	10300000	10250000	69.5652
bin_03917	Chr14	10300000	10400000	10350000	69.8873
bin_03918	Chr14	10400000	10600000	10500000	70.3704
bin_03919	Chr14	10600000	10700000	10650000	70.7729
bin_03920	Chr14	10700000	11000000	10850000	71.0145
bin_03921	Chr14	11000000	11200000	11100000	71.256
bin_03922	Chr14	11200000	11300000	11250000	71.4171
bin_03923	Chr14	11300000	11400000	11350000	71.4976
bin_03924	Chr14	11400000	11500000	11450000	71.7391
bin_03925	Chr14	11500000	11700000	11600000	71.9002
bin_03926	Chr14	11700000	11900000	11800000	71.9807
bin_03927	Chr14	11900000	12100000	12000000	72.1417
bin_03928	Chr14	12100000	12200000	12150000	72.2222
bin_03929	Chr14	12200000	12400000	12300000	72.3027
bin_03930	Chr14	12400000	12500000	12450000	72.3833
bin_03931	Chr14	12500000	12600000	12550000	72.4638
bin_03932	Chr14	12600000	12700000	12650000	72.5443
bin_03933	Chr14	12700000	12800000	12750000	72.7053
bin_03934	Chr14	12800000	12900000	12850000	72.8663
bin_03935	Chr14	12900000	13000000	12950000	73.1079
bin_03936	Chr14	13000000	13200000	13100000	73.3494
bin_03937	Chr14	13200000	13400000	13300000	73.43
bin_03938	Chr14	13400000	13500000	13450000	73.752
bin_03939	Chr14	13500000	13600000	13550000	74.0741
bin_03940	Chr14	13600000	13800000	13700000	74.1546
bin_03941	Chr14	13800000	13900000	13850000	74.7182
bin_03942	Chr14	13900000	14000000	13950000	74.8792
bin_03943	Chr14	14000000	14100000	14050000	75.1208
bin_03944	Chr14	14100000	14300000	14200000	75.2818
bin_03945	Chr14	14300000	14400000	14350000	75.4428
bin_03946	Chr14	14400000	14500000	14450000	75.6844
bin_03947	Chr14	14500000	15100000	14800000	75.7649
bin_03948	Chr14	15100000	16100000	15600000	75.8454
bin_03949	Chr14	16100000	16200000	16150000	75.9259
bin_03950	Chr14	16200000	16300000	16250000	76.0064
bin_03951	Chr14	16300000	16600000	16450000	76.248
bin_03952	Chr14	16600000	16900000	16750000	76.3285
bin_03953	Chr14	16900000	17200000	17050000	76.409
bin_03954	Chr14	17200000	17600000	17400000	76.4895
bin_03955	Chr14	17600000	17800000	17700000	76.57
bin_03956	Chr14	17800000	18600000	18200000	76.6506
bin_03957	Chr14	18600000	19000000	18800000	76.7311
bin_03958	Chr14	19000000	19500000	19250000	76.8116
bin_03959	Chr14	19500000	20500000	20000000	76.8921
bin_03960	Chr14	20500000	23800000	22150000	76.9726
bin_03961	Chr14	23800000	24200000	24000000	77.0531
bin_03962	Chr14	24200000	25600000	24900000	77.1337
bin_03963	Chr14	25600000	25900000	25750000	77.2142
bin_03964	Chr14	25900000	27900000	26900000	77.2947
bin_03965	Chr14	27900000	28100000	28000000	77.3752
bin_03966	Chr14	28100000	28300000	28200000	77.6973
bin_03967	Chr14	28300000	28400000	28350000	77.7778
bin_03968	Chr14	28400000	28500000	28450000	77.8583
bin_03969	Chr14	28500000	28600000	28550000	77.9388
bin_03970	Chr14	28600000	28700000	28650000	78.4219
bin_03971	Chr14	28700000	28800000	28750000	78.5024
bin_03972	Chr14	28800000	29100000	28950000	78.6634
bin_03973	Chr14	29100000	29300000	29200000	78.8245
bin_03974	Chr14	29300000	29500000	29400000	78.9855
bin_03975	Chr14	29500000	29600000	29550000	79.1465
bin_03976	Chr14	29600000	29700000	29650000	79.6296
bin_03977	Chr14	29700000	29800000	29750000	79.7907
bin_03978	Chr14	29800000	30000000	29900000	80.1127
bin_03979	Chr14	30000000	30400000	30200000	80.1932
bin_03980	Chr14	30400000	31000000	30700000	80.2738
bin_03981	Chr14	31000000	31100000	31050000	80.3543
bin_03982	Chr14	31100000	31400000	31250000	80.4348
bin_03983	Chr14	31400000	32400000	31900000	80.5958
bin_03984	Chr14	32400000	32500000	32450000	80.7568
bin_03985	Chr14	32500000	35200000	33850000	80.9179
bin_03986	Chr14	35200000	35600000	35400000	80.9984
bin_03987	Chr14	35600000	37500000	36550000	81.0789
bin_03988	Chr14	37500000	38100000	37800000	81.2399
bin_03989	Chr14	38100000	38500000	38300000	81.401
bin_03990	Chr14	38500000	44600000	41550000	81.562
bin_03991	Chr14	44600000	44700000	44650000	81.9646
bin_03992	Chr14	44700000	44800000	44750000	82.0451
bin_03993	Chr14	44800000	44900000	44850000	82.2061
bin_03994	Chr14	44900000	45100000	45000000	82.2866
bin_03995	Chr14	45100000	45200000	45150000	82.3671
bin_03996	Chr14	45200000	45300000	45250000	82.4477
bin_03997	Chr14	45300000	45400000	45350000	82.6892
bin_03998	Chr14	45400000	45700000	45550000	82.7697
bin_03999	Chr14	45700000	45800000	45750000	83.0113
bin_04000	Chr14	45800000	45900000	45850000	83.3333
bin_04001	Chr14	45900000	46100000	46000000	83.4138
bin_04002	Chr14	46100000	46400000	46250000	83.4944
bin_04003	Chr14	46400000	46500000	46450000	83.9775
bin_04004	Chr14	46500000	46600000	46550000	84.7021
bin_04005	Chr14	46600000	46700000	46650000	85.5072
bin_04006	Chr14	46700000	46800000	46750000	85.9098
bin_04007	Chr14	46800000	46900000	46850000	85.9903
bin_04008	Chr14	46900000	47000000	46950000	86.2319
bin_04009	Chr14	47000000	47100000	47050000	86.3929
bin_04010	Chr14	47100000	47500000	47300000	86.4734
bin_04011	Chr14	47500000	47600000	47550000	86.9565
bin_04012	Chr14	47600000	47700000	47650000	87.2786
bin_04013	Chr14	47700000	47800000	47750000	87.6006
bin_04014	Chr14	47800000	47900000	47850000	87.7617
bin_04015	Chr14	47900000	48000000	47950000	88.0837
bin_04016	Chr14	48000000	48100000	48050000	88.3253
bin_04017	Chr14	48100000	48200000	48150000	88.8084
bin_04018	Chr14	48200000	48300000	48250000	90.2576
bin_04019	Chr14	48300000	48400000	48350000	92.4316
bin_04020	Chr14	48400000	48500000	48450000	94.6055
bin_04021	Chr14	48500000	48600000	48550000	95.0081
bin_04022	Chr14	48600000	48700000	48650000	95.8937
bin_04023	Chr14	48700000	48800000	48750000	96.2158
bin_04024	Chr14	48800000	48900000	48850000	96.4573
bin_04025	Chr14	48900000	49000000	48950000	96.7794
bin_04026	Chr14	49000000	49100000	49050000	98.2287
bin_04027	Chr14	49100000	49200000	49150000	98.7118
bin_04028	Chr14	49200000	49300000	49250000	99.7585
bin_04029	Chr14	49300000	49400000	49350000	100.4026
bin_04030	Chr14	49400000	49500000	49450000	101.1272
bin_04031	Chr14	49500000	49600000	49550000	102.3349
bin_04032	Chr14	49600000	49700000	49650000	102.9791
bin_04033	Chr14	49700000	49800000	49750000	104.9919
bin_04034	Chr14	49800000	49900000	49850000	106.2802
bin_04035	Chr14	49900000	50000000	49950000	107.8905
bin_04036	Chr14	50000000	50100000	50050000	108.5346
bin_04037	Chr14	50100000	50200000	50150000	109.9034
bin_04038	Chr14	50200000	50300000	50250000	111.5137
bin_04039	Chr14	50300000	50400000	50350000	113.285
bin_04040	Chr14	50400000	50500000	50450000	114.2512
bin_04041	Chr14	50500000	50600000	50550000	114.8148
bin_04042	Chr14	50600000	50700000	50650000	115.2979
bin_04043	Chr14	50700000	50800000	50750000	116.0225
bin_04044	Chr14	50800000	50900000	50850000	117.0692
bin_04045	Chr14	50900000	51000000	50950000	117.5523
bin_04046	Chr14	51000000	51100000	51050000	118.7601
bin_04047	Chr14	51100000	51200000	51150000	119.8873
bin_04048	Chr14	51200000	51300000	51250000	120.4509
bin_04049	Chr14	51300000	51400000	51350000	120.8535
bin_04050	Chr14	51400000	51500000	51450000	121.256
bin_04051	Chr14	51500000	51600000	51550000	123.1079
bin_04052	Chr14	51600000	51700000	51650000	123.43
bin_04053	Chr14	51700000	51800000	51750000	124.6377
bin_04054	Chr14	51800000	51900000	51850000	125.6039
bin_04055	Chr14	51900000	52000000	51950000	126.8116
bin_04056	Chr14	52000000	52100000	52050000	127.7778
bin_04057	Chr14	52100000	52200000	52150000	129.1465
bin_04058	Chr14	52200000	52300000	52250000	130.1932
bin_04059	Chr14	52300000	52400000	52350000	132.5282
bin_04060	Chr14	52400000	52500000	52450000	133.8164
bin_04061	Chr14	52500000	52600000	52550000	134.7826
bin_04062	Chr14	52600000	52700000	52650000	136.0709
bin_04063	Chr14	52700000	52800000	52750000	136.876
bin_04064	Chr14	52800000	52900000	52850000	137.6812
bin_04065	Chr14	52900000	53000000	52950000	138.8084
bin_04066	Chr15	1	300000	150000	0.0
bin_04067	Chr15	300000	400000	350000	0.0805
bin_04068	Chr15	400000	500000	450000	0.161
bin_04069	Chr15	500000	600000	550000	0.4831
bin_04070	Chr15	600000	700000	650000	0.7246
bin_04071	Chr15	700000	800000	750000	1.6103
bin_04072	Chr15	800000	900000	850000	2.0129
bin_04073	Chr15	900000	1000000	950000	2.2544
bin_04074	Chr15	1000000	1100000	1050000	2.8986
bin_04075	Chr15	1100000	1200000	1150000	3.2206
bin_04076	Chr15	1200000	1300000	1250000	4.5089
bin_04077	Chr15	1300000	1400000	1350000	4.6699
bin_04078	Chr15	1400000	1500000	1450000	6.0386
bin_04079	Chr15	1500000	1600000	1550000	6.4412
bin_04080	Chr15	1600000	1700000	1650000	7.3269
bin_04081	Chr15	1700000	1800000	1750000	7.5684
bin_04082	Chr15	1800000	1900000	1850000	7.971
bin_04083	Chr15	1900000	2000000	1950000	8.5346
bin_04084	Chr15	2000000	2100000	2050000	9.5813
bin_04085	Chr15	2100000	2200000	2150000	10.5475
bin_04086	Chr15	2200000	2300000	2250000	10.7085
bin_04087	Chr15	2300000	2400000	2350000	11.1916
bin_04088	Chr15	2400000	2500000	2450000	11.4332
bin_04089	Chr15	2500000	2600000	2550000	11.9163
bin_04090	Chr15	2600000	2700000	2650000	12.1578
bin_04091	Chr15	2700000	2800000	2750000	13.285
bin_04092	Chr15	2800000	2900000	2850000	13.5266
bin_04093	Chr15	2900000	3000000	2950000	14.7343
bin_04094	Chr15	3000000	3100000	3050000	15.2979
bin_04095	Chr15	3100000	3200000	3150000	15.8615
bin_04096	Chr15	3200000	3300000	3250000	16.5056
bin_04097	Chr15	3300000	3400000	3350000	17.3108
bin_04098	Chr15	3400000	3500000	3450000	17.3913
bin_04099	Chr15	3500000	3600000	3550000	17.7939
bin_04100	Chr15	3600000	3700000	3650000	18.7601
bin_04101	Chr15	3700000	3800000	3750000	19.6457
bin_04102	Chr15	3800000	3900000	3850000	20.2093
bin_04103	Chr15	3900000	4000000	3950000	20.7729
bin_04104	Chr15	4000000	4100000	4050000	21.4171
bin_04105	Chr15	4100000	4200000	4150000	22.5443
bin_04106	Chr15	4200000	4400000	4300000	23.0274
bin_04107	Chr15	4400000	4500000	4450000	23.5105
bin_04108	Chr15	4500000	4600000	4550000	24.3961
bin_04109	Chr15	4600000	4700000	4650000	25.6844
bin_04110	Chr15	4700000	4800000	4750000	30.7568
bin_04111	Chr15	4800000	4900000	4850000	30.9984
bin_04112	Chr15	4900000	5000000	4950000	33.0918
bin_04113	Chr15	5000000	5100000	5050000	33.3333
bin_04114	Chr15	5100000	5200000	5150000	33.4944
bin_04115	Chr15	5200000	5500000	5350000	34.8631
bin_04116	Chr15	5500000	5600000	5550000	36.0709
bin_04117	Chr15	5600000	5700000	5650000	36.715
bin_04118	Chr15	5700000	5900000	5800000	36.715
bin_04119	Chr15	5900000	6000000	5950000	37.037
bin_04120	Chr15	6000000	6100000	6050000	37.5201
bin_04121	Chr15	6100000	6200000	6150000	38.6473
bin_04122	Chr15	6200000	6300000	6250000	39.0499
bin_04123	Chr15	6300000	6400000	6350000	39.1304
bin_04124	Chr15	6400000	6500000	6450000	39.372
bin_04125	Chr15	6500000	6600000	6550000	40.0966
bin_04126	Chr15	6600000	6700000	6650000	40.7407
bin_04127	Chr15	6700000	6800000	6750000	41.3043
bin_04128	Chr15	6800000	6900000	6850000	42.1095
bin_04129	Chr15	6900000	7000000	6950000	42.7536
bin_04130	Chr15	7000000	7100000	7050000	43.1562
bin_04131	Chr15	7100000	7200000	7150000	43.6393
bin_04132	Chr15	7200000	7300000	7250000	44.0419
bin_04133	Chr15	7300000	7400000	7350000	44.686
bin_04134	Chr15	7400000	7500000	7450000	45.4911
bin_04135	Chr15	7500000	7600000	7550000	46.0548
bin_04136	Chr15	7600000	7700000	7650000	46.9404
bin_04137	Chr15	7700000	7800000	7750000	47.5845
bin_04138	Chr15	7800000	7900000	7850000	48.4702
bin_04139	Chr15	7900000	8000000	7950000	48.8728
bin_04140	Chr15	8000000	8100000	8050000	49.5974
bin_04141	Chr15	8100000	8200000	8150000	50.161
bin_04142	Chr15	8200000	8300000	8250000	51.0467
bin_04143	Chr15	8300000	8400000	8350000	52.2544
bin_04144	Chr15	8400000	8500000	8450000	53.1401
bin_04145	Chr15	8500000	8600000	8550000	53.3816
bin_04146	Chr15	8600000	8700000	8650000	54.1868
bin_04147	Chr15	8700000	8800000	8750000	54.3478
bin_04148	Chr15	8800000	8900000	8850000	55.7971
bin_04149	Chr15	8900000	9000000	8950000	56.1192
bin_04150	Chr15	9000000	9100000	9050000	56.3607
bin_04151	Chr15	9100000	9200000	9150000	58.132
bin_04152	Chr15	9200000	9300000	9250000	59.2593
bin_04153	Chr15	9300000	9400000	9350000	60.628
bin_04154	Chr15	9400000	9500000	9450000	61.9163
bin_04155	Chr15	9500000	9600000	9550000	62.0773
bin_04156	Chr15	9600000	9700000	9650000	62.4799
bin_04157	Chr15	9700000	9800000	9750000	63.6876
bin_04158	Chr15	9800000	9900000	9850000	64.7343
bin_04159	Chr15	9900000	10000000	9950000	65.62
bin_04160	Chr15	10000000	10100000	10050000	66.1836
bin_04161	Chr15	10100000	10200000	10150000	66.5056
bin_04162	Chr15	10200000	10300000	10250000	66.6667
bin_04163	Chr15	10300000	10400000	10350000	67.3913
bin_04164	Chr15	10400000	10500000	10450000	68.0354
bin_04165	Chr15	10500000	10600000	10550000	68.7601
bin_04166	Chr15	10600000	10700000	10650000	69.4042
bin_04167	Chr15	10700000	10800000	10750000	70.1288
bin_04168	Chr15	10800000	10900000	10850000	71.0145
bin_04169	Chr15	10900000	11000000	10950000	71.7391
bin_04170	Chr15	11000000	11100000	11050000	72.3833
bin_04171	Chr15	11100000	11200000	11150000	72.7858
bin_04172	Chr15	11200000	11300000	11250000	73.1884
bin_04173	Chr15	11300000	11400000	11350000	73.913
bin_04174	Chr15	11400000	11500000	11450000	74.9597
bin_04175	Chr15	11500000	11600000	11550000	75.5233
bin_04176	Chr15	11600000	11700000	11650000	76.8116
bin_04177	Chr15	11700000	11800000	11750000	77.4557
bin_04178	Chr15	11800000	11900000	11850000	77.9388
bin_04179	Chr15	11900000	12000000	11950000	78.2609
bin_04180	Chr15	12000000	12100000	12050000	80.2738
bin_04181	Chr15	12100000	12200000	12150000	81.2399
bin_04182	Chr15	12200000	12300000	12250000	82.6892
bin_04183	Chr15	12300000	12400000	12350000	83.3333
bin_04184	Chr15	12400000	12500000	12450000	84.9436
bin_04185	Chr15	12500000	12600000	12550000	85.9903
bin_04186	Chr15	12600000	12700000	12650000	87.1981
bin_04187	Chr15	12700000	12800000	12750000	88.0837
bin_04188	Chr15	12800000	12900000	12850000	89.1304
bin_04189	Chr15	12900000	13000000	12950000	90.2576
bin_04190	Chr15	13000000	13100000	13050000	90.6602
bin_04191	Chr15	13100000	13200000	13150000	91.6264
bin_04192	Chr15	13200000	13300000	13250000	92.351
bin_04193	Chr15	13300000	13400000	13350000	93.2367
bin_04194	Chr15	13400000	13500000	13450000	94.0419
bin_04195	Chr15	13500000	13600000	13550000	94.4444
bin_04196	Chr15	13600000	13700000	13650000	95.1691
bin_04197	Chr15	13700000	13800000	13750000	95.3301
bin_04198	Chr15	13800000	13900000	13850000	95.5717
bin_04199	Chr15	13900000	14000000	13950000	95.8132
bin_04200	Chr15	14000000	14100000	14050000	95.9742
bin_04201	Chr15	14100000	14200000	14150000	96.0548
bin_04202	Chr15	14200000	14300000	14250000	96.4573
bin_04203	Chr15	14300000	14400000	14350000	97.2625
bin_04204	Chr15	14400000	14500000	14450000	97.5845
bin_04205	Chr15	14500000	14600000	14550000	97.9871
bin_04206	Chr15	14600000	14700000	14650000	98.2287
bin_04207	Chr15	14700000	14800000	14750000	98.3897
bin_04208	Chr15	14800000	14900000	14850000	99.0338
bin_04209	Chr15	14900000	15000000	14950000	99.9195
bin_04210	Chr15	15000000	15100000	15050000	101.6103
bin_04211	Chr15	15100000	15200000	15150000	101.9324
bin_04212	Chr15	15200000	15300000	15250000	102.7375
bin_04213	Chr15	15300000	15400000	15350000	103.2206
bin_04214	Chr15	15400000	15500000	15450000	103.7842
bin_04215	Chr15	15500000	15600000	15550000	104.0258
bin_04216	Chr15	15600000	15700000	15650000	104.4283
bin_04217	Chr15	15700000	15800000	15750000	104.5894
bin_04218	Chr15	15800000	15900000	15850000	104.8309
bin_04219	Chr15	15900000	16000000	15950000	105.314
bin_04220	Chr15	16000000	16100000	16050000	107.3269
bin_04221	Chr15	16100000	16200000	16150000	108.0515
bin_04222	Chr15	16200000	16300000	16250000	108.2931
bin_04223	Chr15	16300000	16400000	16350000	108.3736
bin_04224	Chr15	16400000	16500000	16450000	108.5346
bin_04225	Chr15	16500000	16600000	16550000	108.8567
bin_04226	Chr15	16600000	16700000	16650000	109.6618
bin_04227	Chr15	16700000	16900000	16800000	109.7424
bin_04228	Chr15	16900000	17000000	16950000	109.8229
bin_04229	Chr15	17000000	17100000	17050000	110.5475
bin_04230	Chr15	17100000	17200000	17150000	111.3527
bin_04231	Chr15	17200000	17300000	17250000	112.1578
bin_04232	Chr15	17300000	17400000	17350000	112.2383
bin_04233	Chr15	17400000	17500000	17450000	112.4799
bin_04234	Chr15	17500000	17600000	17550000	112.963
bin_04235	Chr15	17600000	17700000	17650000	113.285
bin_04236	Chr15	17700000	17800000	17750000	113.6071
bin_04237	Chr15	17800000	17900000	17850000	114.0097
bin_04238	Chr15	17900000	18000000	17950000	114.1707
bin_04239	Chr15	18000000	18100000	18050000	114.4122
bin_04240	Chr15	18100000	18300000	18200000	114.7343
bin_04241	Chr15	18300000	18400000	18350000	115.0564
bin_04242	Chr15	18400000	18600000	18500000	115.1369
bin_04243	Chr15	18600000	18800000	18700000	115.2979
bin_04244	Chr15	18800000	19100000	18950000	115.5395
bin_04245	Chr15	19100000	19200000	19150000	115.62
bin_04246	Chr15	19200000	19400000	19300000	115.781
bin_04247	Chr15	19400000	19600000	19500000	115.8615
bin_04248	Chr15	19600000	20300000	19950000	115.942
bin_04249	Chr15	20300000	20400000	20350000	116.0225
bin_04250	Chr15	20400000	20700000	20550000	116.1836
bin_04251	Chr15	20700000	20800000	20750000	116.2641
bin_04252	Chr15	20800000	20900000	20850000	116.3446
bin_04253	Chr15	20900000	21200000	21050000	116.4251
bin_04254	Chr15	21200000	22300000	21750000	116.5056
bin_04255	Chr15	22300000	22700000	22500000	116.5862
bin_04256	Chr15	22700000	23100000	22900000	116.9082
bin_04257	Chr15	23100000	23200000	23150000	116.9887
bin_04258	Chr15	23200000	23300000	23250000	117.1498
bin_04259	Chr15	23300000	23400000	23350000	117.3108
bin_04260	Chr15	23400000	23600000	23500000	117.3913
bin_04261	Chr15	23600000	24500000	24050000	117.5523
bin_04262	Chr15	24500000	24700000	24600000	117.6329
bin_04263	Chr15	24700000	25100000	24900000	117.7134
bin_04264	Chr15	25100000	25400000	25250000	117.8744
bin_04265	Chr15	25400000	30600000	28000000	118.0354
bin_04266	Chr15	30600000	32100000	31350000	118.1159
bin_04267	Chr15	32100000	33400000	32750000	118.1965
bin_04268	Chr15	33400000	36600000	35000000	118.277
bin_04269	Chr15	36600000	36700000	36650000	118.438
bin_04270	Chr15	36700000	36800000	36750000	118.5185
bin_04271	Chr15	36800000	37300000	37050000	118.599
bin_04272	Chr15	37300000	39900000	38600000	118.7601
bin_04273	Chr15	39900000	40200000	40050000	118.8406
bin_04274	Chr15	40200000	40300000	40250000	119.0016
bin_04275	Chr15	40300000	40500000	40400000	119.0821
bin_04276	Chr15	40500000	40700000	40600000	119.1626
bin_04277	Chr15	40700000	40900000	40800000	119.2432
bin_04278	Chr15	40900000	41000000	40950000	119.3237
bin_04279	Chr15	41000000	41100000	41050000	119.4042
bin_04280	Chr15	41100000	41300000	41200000	119.4847
bin_04281	Chr15	41300000	41400000	41350000	119.5652
bin_04282	Chr15	41400000	41600000	41500000	119.7262
bin_04283	Chr15	41600000	41700000	41650000	119.8873
bin_04284	Chr15	41700000	42700000	42200000	119.9678
bin_04285	Chr15	42700000	42900000	42800000	120.0483
bin_04286	Chr15	42900000	43200000	43050000	120.5314
bin_04287	Chr15	43200000	44000000	43600000	120.6119
bin_04288	Chr15	44000000	44400000	44200000	120.6924
bin_04289	Chr15	44400000	45200000	44800000	120.7729
bin_04290	Chr15	45200000	45300000	45250000	120.934
bin_04291	Chr15	45300000	45500000	45400000	121.1755
bin_04292	Chr15	45500000	45600000	45550000	121.256
bin_04293	Chr15	45600000	45700000	45650000	121.4171
bin_04294	Chr15	45700000	45800000	45750000	121.5781
bin_04295	Chr15	45800000	45900000	45850000	121.9807
bin_04296	Chr15	45900000	46000000	45950000	123.1079
bin_04297	Chr15	46000000	46100000	46050000	123.43
bin_04298	Chr15	46100000	46200000	46150000	124.1546
bin_04299	Chr15	46200000	46300000	46250000	124.2351
bin_04300	Chr15	46300000	46400000	46350000	124.7182
bin_04301	Chr15	46400000	46500000	46450000	124.7987
bin_04302	Chr15	46500000	46600000	46550000	124.9597
bin_04303	Chr15	46600000	46700000	46650000	125.0403
bin_04304	Chr15	46700000	46800000	46750000	125.4428
bin_04305	Chr15	46800000	46900000	46850000	125.6844
bin_04306	Chr15	46900000	47000000	46950000	125.8454
bin_04307	Chr15	47000000	47100000	47050000	126.0064
bin_04308	Chr15	47100000	47300000	47200000	126.248
bin_04309	Chr15	47300000	47400000	47350000	126.3285
bin_04310	Chr15	47400000	47500000	47450000	126.409
bin_04311	Chr15	47500000	48200000	47850000	126.4895
bin_04312	Chr15	48200000	48400000	48300000	126.57
bin_04313	Chr15	48400000	48600000	48500000	126.6506
bin_04314	Chr15	48600000	48800000	48700000	126.8921
bin_04315	Chr15	48800000	48900000	48850000	127.2947
bin_04316	Chr15	48900000	49000000	48950000	127.6167
bin_04317	Chr15	49000000	49100000	49050000	127.8583
bin_04318	Chr15	49100000	49200000	49150000	127.9388
bin_04319	Chr15	49200000	49300000	49250000	128.0998
bin_04320	Chr15	49300000	49400000	49350000	128.744
bin_04321	Chr15	49400000	49500000	49450000	129.1465
bin_04322	Chr15	49500000	49600000	49550000	129.3076
bin_04323	Chr15	49600000	49700000	49650000	129.7907
bin_04324	Chr15	49700000	49800000	49750000	130.4348
bin_04325	Chr15	49800000	49900000	49850000	131.1594
bin_04326	Chr15	49900000	50000000	49950000	132.6087
bin_04327	Chr15	50000000	50100000	50050000	133.5749
bin_04328	Chr15	50100000	50200000	50150000	134.6216
bin_04329	Chr15	50200000	50300000	50250000	136.3929
bin_04330	Chr15	50300000	50400000	50350000	136.5539
bin_04331	Chr15	50400000	50500000	50450000	137.037
bin_04332	Chr15	50500000	50600000	50550000	137.8422
bin_04333	Chr15	50600000	50700000	50650000	138.8084
bin_04334	Chr15	50700000	50800000	50750000	139.6135
bin_04335	Chr15	50800000	50900000	50850000	139.8551
bin_04336	Chr15	50900000	51000000	50950000	140.4187
bin_04337	Chr15	51000000	51100000	51050000	141.1433
bin_04338	Chr15	51100000	51200000	51150000	141.868
bin_04339	Chr15	51200000	51300000	51250000	142.351
bin_04340	Chr15	51300000	51400000	51350000	142.5926
bin_04341	Chr15	51400000	51500000	51450000	143.1562
bin_04342	Chr15	51500000	51600000	51550000	143.8003
bin_04343	Chr15	51600000	51700000	51650000	145.0081
bin_04344	Chr15	51700000	51800000	51750000	146.4573
bin_04345	Chr15	51800000	51900000	51850000	147.2625
bin_04346	Chr15	51900000	52000000	51950000	148.3897
bin_04347	Chr15	52000000	52100000	52050000	149.5974
bin_04348	Chr15	52100000	52200000	52150000	150.4026
bin_04349	Chr15	52200000	52300000	52250000	151.1272
bin_04350	Chr15	52300000	52400000	52350000	151.6908
bin_04351	Chr15	52400000	52500000	52450000	152.0129
bin_04352	Chr15	52500000	52600000	52550000	153.6232
bin_04353	Chr15	52600000	52700000	52650000	154.6699
bin_04354	Chr15	52700000	52800000	52750000	155.314
bin_04355	Chr15	52800000	52900000	52850000	155.8776
bin_04356	Chr15	52900000	53000000	52950000	156.8438
bin_04357	Chr15	53000000	53100000	53050000	158.2126
bin_04358	Chr15	53100000	53200000	53150000	158.6957
bin_04359	Chr15	53200000	53300000	53250000	158.7762
bin_04360	Chr15	53300000	53400000	53350000	158.8567
bin_04361	Chr16	1	400000	200000	0.0
bin_04362	Chr16	400000	500000	450000	0.5636
bin_04363	Chr16	500000	600000	550000	1.2077
bin_04364	Chr16	600000	700000	650000	1.6103
bin_04365	Chr16	700000	800000	750000	2.1739
bin_04366	Chr16	800000	900000	850000	2.657
bin_04367	Chr16	900000	1000000	950000	3.1401
bin_04368	Chr16	1000000	1100000	1050000	4.2673
bin_04369	Chr16	1100000	1200000	1150000	4.7504
bin_04370	Chr16	1200000	1300000	1250000	5.9581
bin_04371	Chr16	1300000	1400000	1350000	6.6023
bin_04372	Chr16	1400000	1500000	1450000	7.0048
bin_04373	Chr16	1500000	1600000	1550000	8.132
bin_04374	Chr16	1600000	1700000	1650000	8.6957
bin_04375	Chr16	1700000	1800000	1750000	9.4203
bin_04376	Chr16	1800000	1900000	1850000	10.306
bin_04377	Chr16	1900000	2000000	1950000	11.2721
bin_04378	Chr16	2000000	2100000	2050000	12.1578
bin_04379	Chr16	2100000	2200000	2150000	12.5604
bin_04380	Chr16	2200000	2300000	2250000	13.124
bin_04381	Chr16	2300000	2400000	2350000	13.6071
bin_04382	Chr16	2400000	2500000	2450000	14.0097
bin_04383	Chr16	2500000	2600000	2550000	14.9758
bin_04384	Chr16	2600000	2700000	2650000	15.62
bin_04385	Chr16	2700000	2800000	2750000	16.3446
bin_04386	Chr16	2800000	2900000	2850000	17.1498
bin_04387	Chr16	2900000	3000000	2950000	17.8744
bin_04388	Chr16	3000000	3100000	3050000	19.1626
bin_04389	Chr16	3100000	3200000	3150000	20.1288
bin_04390	Chr16	3200000	3300000	3250000	21.1755
bin_04391	Chr16	3300000	3400000	3350000	22.1417
bin_04392	Chr16	3400000	3500000	3450000	22.2222
bin_04393	Chr16	3500000	3600000	3550000	23.6715
bin_04394	Chr16	3600000	3700000	3650000	24.8792
bin_04395	Chr16	3700000	3800000	3750000	25.9259
bin_04396	Chr16	3800000	3900000	3850000	27.0531
bin_04397	Chr16	3900000	4000000	3950000	28.1804
bin_04398	Chr16	4000000	4100000	4050000	29.066
bin_04399	Chr16	4100000	4200000	4150000	29.2271
bin_04400	Chr16	4200000	4300000	4250000	30.0322
bin_04401	Chr16	4300000	4400000	4350000	31.0789
bin_04402	Chr16	4400000	4500000	4450000	32.8502
bin_04403	Chr16	4500000	4600000	4550000	33.4138
bin_04404	Chr16	4600000	4700000	4650000	33.8164
bin_04405	Chr16	4700000	4800000	4750000	34.38
bin_04406	Chr16	4800000	4900000	4850000	36.0709
bin_04407	Chr16	4900000	5000000	4950000	37.6006
bin_04408	Chr16	5000000	5100000	5050000	38.6473
bin_04409	Chr16	5100000	5200000	5150000	38.9694
bin_04410	Chr16	5200000	5300000	5250000	39.9356
bin_04411	Chr16	5300000	5400000	5350000	40.9823
bin_04412	Chr16	5400000	5500000	5450000	41.7069
bin_04413	Chr16	5500000	5600000	5550000	42.5121
bin_04414	Chr16	5600000	5700000	5650000	43.0757
bin_04415	Chr16	5700000	5800000	5750000	44.686
bin_04416	Chr16	5800000	5900000	5850000	44.9275
bin_04417	Chr16	5900000	6000000	5950000	45.3301
bin_04418	Chr16	6000000	6100000	6050000	46.5378
bin_04419	Chr16	6100000	6200000	6150000	47.2625
bin_04420	Chr16	6200000	6300000	6250000	48.0676
bin_04421	Chr16	6300000	6400000	6350000	48.1481
bin_04422	Chr16	6400000	6500000	6450000	48.4702
bin_04423	Chr16	6500000	6600000	6550000	49.5169
bin_04424	Chr16	6600000	6700000	6650000	50.0805
bin_04425	Chr16	6700000	6800000	6750000	51.6103
bin_04426	Chr16	6800000	6900000	6850000	51.6908
bin_04427	Chr16	6900000	7000000	6950000	52.3349
bin_04428	Chr16	7000000	7100000	7050000	52.657
bin_04429	Chr16	7100000	7200000	7150000	52.8986
bin_04430	Chr16	7200000	7300000	7250000	53.2206
bin_04431	Chr16	7300000	7400000	7350000	54.5089
bin_04432	Chr16	7400000	7500000	7450000	54.9919
bin_04433	Chr16	7500000	7600000	7550000	55.475
bin_04434	Chr16	7600000	7700000	7650000	55.8776
bin_04435	Chr16	7700000	7800000	7750000	56.6023
bin_04436	Chr16	7800000	7900000	7850000	57.0853
bin_04437	Chr16	7900000	8000000	7950000	57.8905
bin_04438	Chr16	8000000	8100000	8050000	59.1787
bin_04439	Chr16	8100000	8200000	8150000	59.3398
bin_04440	Chr16	8200000	8300000	8250000	59.4203
bin_04441	Chr16	8300000	8400000	8350000	59.5008
bin_04442	Chr16	8400000	8500000	8450000	59.6618
bin_04443	Chr16	8500000	8600000	8550000	59.8229
bin_04444	Chr16	8600000	8700000	8650000	60.0644
bin_04445	Chr16	8700000	8900000	8800000	60.1449
bin_04446	Chr16	8900000	9000000	8950000	60.2254
bin_04447	Chr16	9000000	9100000	9050000	60.306
bin_04448	Chr16	9100000	9200000	9150000	60.3865
bin_04449	Chr16	9200000	9300000	9250000	60.467
bin_04450	Chr16	9300000	9500000	9400000	60.7085
bin_04451	Chr16	9500000	9600000	9550000	60.9501
bin_04452	Chr16	9600000	9700000	9650000	61.1916
bin_04453	Chr16	9700000	9800000	9750000	61.2721
bin_04454	Chr16	9800000	9900000	9850000	61.3527
bin_04455	Chr16	9900000	10100000	10000000	61.5942
bin_04456	Chr16	10100000	10200000	10150000	61.6747
bin_04457	Chr16	10200000	10300000	10250000	61.8357
bin_04458	Chr16	10300000	10600000	10450000	61.9163
bin_04459	Chr16	10600000	10800000	10700000	62.0773
bin_04460	Chr16	10800000	10900000	10850000	62.2383
bin_04461	Chr16	10900000	12000000	11450000	62.3188
bin_04462	Chr16	12000000	12800000	12400000	62.3994
bin_04463	Chr16	12800000	13100000	12950000	62.4799
bin_04464	Chr16	13100000	14200000	13650000	62.5604
bin_04465	Chr16	14200000	14400000	14300000	62.7214
bin_04466	Chr16	14400000	14900000	14650000	62.8019
bin_04467	Chr16	14900000	16000000	15450000	62.8824
bin_04468	Chr16	16000000	18000000	17000000	62.963
bin_04469	Chr16	18000000	19800000	18900000	63.0435
bin_04470	Chr16	19800000	19900000	19850000	63.2045
bin_04471	Chr16	19900000	21400000	20650000	63.3655
bin_04472	Chr16	21400000	21700000	21550000	63.4461
bin_04473	Chr16	21700000	21800000	21750000	63.5266
bin_04474	Chr16	21800000	21900000	21850000	63.9291
bin_04475	Chr16	21900000	22000000	21950000	64.4928
bin_04476	Chr16	22000000	22100000	22050000	64.8953
bin_04477	Chr16	22100000	22200000	22150000	65.1369
bin_04478	Chr16	22200000	22300000	22250000	65.2174
bin_04479	Chr16	22300000	22400000	22350000	65.2979
bin_04480	Chr16	22400000	22500000	22450000	65.3784
bin_04481	Chr16	22500000	22600000	22550000	65.4589
bin_04482	Chr16	22600000	23000000	22800000	65.5395
bin_04483	Chr16	23000000	23800000	23400000	65.62
bin_04484	Chr16	23800000	24800000	24300000	65.7005
bin_04485	Chr16	24800000	25100000	24950000	65.781
bin_04486	Chr16	25100000	25600000	25350000	65.8615
bin_04487	Chr16	25600000	25700000	25650000	66.0225
bin_04488	Chr16	25700000	25800000	25750000	66.2641
bin_04489	Chr16	25800000	26700000	26250000	66.4251
bin_04490	Chr16	26700000	26800000	26750000	66.5862
bin_04491	Chr16	26800000	27400000	27100000	66.6667
bin_04492	Chr16	27400000	27600000	27500000	66.7472
bin_04493	Chr16	27600000	27700000	27650000	67.0692
bin_04494	Chr16	27700000	27800000	27750000	67.2303
bin_04495	Chr16	27800000	27900000	27850000	67.4718
bin_04496	Chr16	27900000	28000000	27950000	67.9549
bin_04497	Chr16	28000000	28100000	28050000	68.1159
bin_04498	Chr16	28100000	28200000	28150000	68.5185
bin_04499	Chr16	28200000	28300000	28250000	68.9211
bin_04500	Chr16	28300000	28500000	28400000	69.0821
bin_04501	Chr16	28500000	28600000	28550000	69.4847
bin_04502	Chr16	28600000	28700000	28650000	69.6457
bin_04503	Chr16	28700000	28800000	28750000	70.1288
bin_04504	Chr16	28800000	28900000	28850000	70.6924
bin_04505	Chr16	28900000	29000000	28950000	70.7729
bin_04506	Chr16	29000000	29100000	29050000	71.095
bin_04507	Chr16	29100000	29200000	29150000	71.4171
bin_04508	Chr16	29200000	29300000	29250000	71.5781
bin_04509	Chr16	29300000	29400000	29350000	71.9002
bin_04510	Chr16	29400000	29500000	29450000	72.4638
bin_04511	Chr16	29500000	29600000	29550000	72.6248
bin_04512	Chr16	29600000	29700000	29650000	73.2689
bin_04513	Chr16	29700000	29800000	29750000	73.43
bin_04514	Chr16	29800000	29900000	29850000	73.752
bin_04515	Chr16	29900000	30000000	29950000	73.913
bin_04516	Chr16	30000000	30100000	30050000	74.0741
bin_04517	Chr16	30100000	30200000	30150000	74.5572
bin_04518	Chr16	30200000	30300000	30250000	74.9597
bin_04519	Chr16	30300000	30400000	30350000	75.3623
bin_04520	Chr16	30400000	30500000	30450000	75.9259
bin_04521	Chr16	30500000	30600000	30550000	76.8116
bin_04522	Chr16	30600000	30700000	30650000	77.6167
bin_04523	Chr16	30700000	30800000	30750000	78.1804
bin_04524	Chr16	30800000	30900000	30850000	78.8245
bin_04525	Chr16	30900000	31000000	30950000	79.066
bin_04526	Chr16	31000000	31100000	31050000	79.4686
bin_04527	Chr16	31100000	31200000	31150000	80.1932
bin_04528	Chr16	31200000	31300000	31250000	80.5958
bin_04529	Chr16	31300000	31400000	31350000	81.3205
bin_04530	Chr16	31400000	31500000	31450000	82.9308
bin_04531	Chr16	31500000	31600000	31550000	84.1385
bin_04532	Chr16	31600000	31700000	31650000	85.2657
bin_04533	Chr16	31700000	31800000	31750000	86.1514
bin_04534	Chr16	31800000	31900000	31850000	86.3929
bin_04535	Chr16	31900000	32000000	31950000	87.6006
bin_04536	Chr16	32000000	32100000	32050000	88.1643
bin_04537	Chr16	32100000	32200000	32150000	89.1304
bin_04538	Chr16	32200000	32300000	32250000	89.694
bin_04539	Chr16	32300000	32400000	32350000	90.3382
bin_04540	Chr16	32400000	32500000	32450000	90.9018
bin_04541	Chr16	32500000	32600000	32550000	91.4654
bin_04542	Chr16	32600000	32700000	32650000	92.4316
bin_04543	Chr16	32700000	32800000	32750000	93.8003
bin_04544	Chr16	32800000	32900000	32850000	94.6055
bin_04545	Chr16	32900000	33000000	32950000	95.2496
bin_04546	Chr16	33000000	33100000	33050000	96.5378
bin_04547	Chr16	33100000	33200000	33150000	97.343
bin_04548	Chr16	33200000	33300000	33250000	98.9533
bin_04549	Chr16	33300000	33400000	33350000	100.0
bin_04550	Chr16	33400000	33500000	33450000	100.8052
bin_04551	Chr16	33500000	33600000	33550000	101.2077
bin_04552	Chr16	33600000	33700000	33650000	101.9324
bin_04553	Chr16	33700000	33800000	33750000	102.8986
bin_04554	Chr16	33800000	33900000	33850000	103.9452
bin_04555	Chr16	33900000	34000000	33950000	104.2673
bin_04556	Chr16	34000000	34100000	34050000	104.5089
bin_04557	Chr16	34100000	34200000	34150000	104.6699
bin_04558	Chr16	34200000	34300000	34250000	105.8776
bin_04559	Chr16	34300000	34400000	34350000	106.9243
bin_04560	Chr16	34400000	34500000	34450000	107.0048
bin_04561	Chr16	34500000	34600000	34550000	109.1787
bin_04562	Chr16	34600000	34700000	34650000	109.5008
bin_04563	Chr16	34700000	34800000	34750000	110.0644
bin_04564	Chr16	34800000	34900000	34850000	110.8696
bin_04565	Chr16	34900000	35000000	34950000	111.1916
bin_04566	Chr16	35000000	35100000	35050000	111.6747
bin_04567	Chr16	35100000	35200000	35150000	112.1578
bin_04568	Chr16	35200000	35300000	35250000	112.3994
bin_04569	Chr16	35300000	35400000	35350000	112.8824
bin_04570	Chr16	35400000	35500000	35450000	113.2045
bin_04571	Chr16	35500000	35600000	35550000	113.5266
bin_04572	Chr16	35600000	35700000	35650000	113.6071
bin_04573	Chr16	35700000	35900000	35800000	113.7681
bin_04574	Chr16	35900000	36000000	35950000	113.9291
bin_04575	Chr16	36000000	36100000	36050000	114.8148
bin_04576	Chr16	36100000	36200000	36150000	115.7005
bin_04577	Chr16	36200000	36300000	36250000	116.1031
bin_04578	Chr16	36300000	36400000	36350000	116.8277
bin_04579	Chr16	36400000	36500000	36450000	117.3913
bin_04580	Chr16	36500000	36600000	36550000	117.9549
bin_04581	Chr16	36600000	36700000	36650000	119.4042
bin_04582	Chr16	36700000	36800000	36750000	119.7262
bin_04583	Chr16	36800000	36900000	36850000	119.8873
bin_04584	Chr16	36900000	37000000	36950000	120.934
bin_04585	Chr16	37000000	37100000	37050000	121.4171
bin_04586	Chr16	37100000	37200000	37150000	122.2222
bin_04587	Chr16	37200000	37300000	37250000	122.5443
bin_04588	Chr16	37300000	37400000	37350000	123.1884
bin_04589	Chr16	37400000	37500000	37450000	123.752
bin_04590	Chr16	37500000	37600000	37550000	124.3156
bin_04591	Chr16	37600000	37700000	37650000	124.7987
bin_04592	Chr16	37700000	37800000	37750000	125.0403
bin_04593	Chr16	37800000	37900000	37850000	125.2818
bin_04594	Chr16	37900000	38000000	37950000	125.7649
bin_04595	Chr16	38000000	38100000	38050000	126.4895
bin_04596	Chr16	38100000	38200000	38150000	127.2142
bin_04597	Chr16	38200000	38265740	38232870	127.6973
bin_04598	Chr17	1	300000	150000	0.0
bin_04599	Chr17	300000	400000	350000	0.161
bin_04600	Chr17	400000	600000	500000	0.4026
bin_04601	Chr17	600000	700000	650000	1.1272
bin_04602	Chr17	700000	800000	750000	1.7713
bin_04603	Chr17	800000	900000	850000	2.818
bin_04604	Chr17	900000	1000000	950000	3.3011
bin_04605	Chr17	1000000	1100000	1050000	3.6232
bin_04606	Chr17	1100000	1200000	1150000	4.1063
bin_04607	Chr17	1200000	1300000	1250000	4.8309
bin_04608	Chr17	1300000	1400000	1350000	5.153
bin_04609	Chr17	1400000	1500000	1450000	5.6361
bin_04610	Chr17	1500000	1600000	1550000	6.2802
bin_04611	Chr17	1600000	1700000	1650000	6.7633
bin_04612	Chr17	1700000	1800000	1750000	7.4074
bin_04613	Chr17	1800000	1900000	1850000	7.971
bin_04614	Chr17	1900000	2000000	1950000	8.3736
bin_04615	Chr17	2000000	2100000	2050000	9.0177
bin_04616	Chr17	2100000	2200000	2150000	10.0644
bin_04617	Chr17	2200000	2300000	2250000	10.9501
bin_04618	Chr17	2300000	2400000	2350000	11.1916
bin_04619	Chr17	2400000	2500000	2450000	11.6747
bin_04620	Chr17	2500000	2600000	2550000	12.3994
bin_04621	Chr17	2600000	2700000	2650000	13.285
bin_04622	Chr17	2700000	2800000	2750000	14.2512
bin_04623	Chr17	2800000	2900000	2850000	14.9758
bin_04624	Chr17	2900000	3000000	2950000	15.8615
bin_04625	Chr17	3000000	3100000	3050000	16.8277
bin_04626	Chr17	3100000	3200000	3150000	16.9887
bin_04627	Chr17	3200000	3300000	3250000	17.8744
bin_04628	Chr17	3300000	3400000	3350000	18.599
bin_04629	Chr17	3400000	3500000	3450000	18.8406
bin_04630	Chr17	3500000	3600000	3550000	19.7262
bin_04631	Chr17	3600000	3700000	3650000	20.2899
bin_04632	Chr17	3700000	3800000	3750000	21.095
bin_04633	Chr17	3800000	3900000	3850000	21.8196
bin_04634	Chr17	3900000	4000000	3950000	22.0612
bin_04635	Chr17	4000000	4100000	4050000	23.913
bin_04636	Chr17	4100000	4200000	4150000	24.2351
bin_04637	Chr17	4200000	4300000	4250000	25.1208
bin_04638	Chr17	4300000	4400000	4350000	25.6844
bin_04639	Chr17	4400000	4500000	4450000	25.8454
bin_04640	Chr17	4500000	4600000	4550000	26.57
bin_04641	Chr17	4600000	4700000	4650000	27.4557
bin_04642	Chr17	4700000	4800000	4750000	28.1804
bin_04643	Chr17	4800000	4900000	4850000	29.3076
bin_04644	Chr17	4900000	5000000	4950000	31.0789
bin_04645	Chr17	5000000	5100000	5050000	32.6892
bin_04646	Chr17	5100000	5200000	5150000	33.4944
bin_04647	Chr17	5200000	5300000	5250000	34.5411
bin_04648	Chr17	5300000	5400000	5350000	35.0242
bin_04649	Chr17	5400000	5500000	5450000	36.3124
bin_04650	Chr17	5500000	5600000	5550000	36.876
bin_04651	Chr17	5600000	5700000	5650000	37.4396
bin_04652	Chr17	5700000	5800000	5750000	37.6812
bin_04653	Chr17	5800000	5900000	5850000	38.4863
bin_04654	Chr17	5900000	6100000	6000000	39.7746
bin_04655	Chr17	6100000	6200000	6150000	40.1771
bin_04656	Chr17	6200000	6300000	6250000	43.8808
bin_04657	Chr17	6300000	6400000	6350000	44.4444
bin_04658	Chr17	6400000	6500000	6450000	44.525
bin_04659	Chr17	6500000	6600000	6550000	45.8937
bin_04660	Chr17	6600000	6700000	6650000	46.2963
bin_04661	Chr17	6700000	6800000	6750000	46.7794
bin_04662	Chr17	6800000	6900000	6850000	47.1014
bin_04663	Chr17	6900000	7000000	6950000	47.343
bin_04664	Chr17	7000000	7100000	7050000	47.8261
bin_04665	Chr17	7100000	7200000	7150000	48.3092
bin_04666	Chr17	7200000	7300000	7250000	48.7923
bin_04667	Chr17	7300000	7400000	7350000	49.5169
bin_04668	Chr17	7400000	7500000	7450000	49.5974
bin_04669	Chr17	7500000	7600000	7550000	50.0
bin_04670	Chr17	7600000	7700000	7650000	50.4026
bin_04671	Chr17	7700000	7800000	7750000	50.5636
bin_04672	Chr17	7800000	7900000	7850000	51.2077
bin_04673	Chr17	7900000	8000000	7950000	51.7713
bin_04674	Chr17	8000000	8100000	8050000	52.8986
bin_04675	Chr17	8100000	8200000	8150000	53.3011
bin_04676	Chr17	8200000	8300000	8250000	53.8647
bin_04677	Chr17	8300000	8400000	8350000	54.2673
bin_04678	Chr17	8400000	8500000	8450000	54.8309
bin_04679	Chr17	8500000	8600000	8550000	55.0725
bin_04680	Chr17	8600000	8700000	8650000	56.6828
bin_04681	Chr17	8700000	8800000	8750000	57.3269
bin_04682	Chr17	8800000	8900000	8850000	57.7295
bin_04683	Chr17	8900000	9000000	8950000	58.4541
bin_04684	Chr17	9000000	9100000	9050000	59.0982
bin_04685	Chr17	9100000	9200000	9150000	59.9839
bin_04686	Chr17	9200000	9300000	9250000	61.0306
bin_04687	Chr17	9300000	9400000	9350000	61.5942
bin_04688	Chr17	9400000	9500000	9450000	62.0773
bin_04689	Chr17	9500000	9600000	9550000	62.8019
bin_04690	Chr17	9600000	9700000	9650000	63.5266
bin_04691	Chr17	9700000	9800000	9750000	64.6538
bin_04692	Chr17	9800000	9900000	9850000	64.9758
bin_04693	Chr17	9900000	10000000	9950000	65.1369
bin_04694	Chr17	10000000	10100000	10050000	65.4589
bin_04695	Chr17	10100000	10200000	10150000	66.2641
bin_04696	Chr17	10200000	10300000	10250000	66.9887
bin_04697	Chr17	10300000	10400000	10350000	67.3913
bin_04698	Chr17	10400000	10500000	10450000	67.6329
bin_04699	Chr17	10500000	10600000	10550000	67.8744
bin_04700	Chr17	10600000	10700000	10650000	68.438
bin_04701	Chr17	10700000	10800000	10750000	69.8873
bin_04702	Chr17	10800000	10900000	10850000	70.6119
bin_04703	Chr17	10900000	11000000	10950000	71.4171
bin_04704	Chr17	11000000	11200000	11100000	71.4976
bin_04705	Chr17	11200000	11300000	11250000	71.9807
bin_04706	Chr17	11300000	11400000	11350000	72.7858
bin_04707	Chr17	11400000	11500000	11450000	73.3494
bin_04708	Chr17	11500000	11600000	11550000	74.3961
bin_04709	Chr17	11600000	11700000	11650000	75.4428
bin_04710	Chr17	11700000	11800000	11750000	76.1675
bin_04711	Chr17	11800000	11900000	11850000	76.7311
bin_04712	Chr17	11900000	12000000	11950000	77.1337
bin_04713	Chr17	12000000	12100000	12050000	77.3752
bin_04714	Chr17	12100000	12200000	12150000	78.1804
bin_04715	Chr17	12200000	12300000	12250000	78.6634
bin_04716	Chr17	12300000	12400000	12350000	79.2271
bin_04717	Chr17	12400000	12500000	12450000	80.4348
bin_04718	Chr17	12500000	12600000	12550000	81.3205
bin_04719	Chr17	12600000	12700000	12650000	81.6425
bin_04720	Chr17	12700000	12800000	12750000	81.9646
bin_04721	Chr17	12800000	12900000	12850000	82.6892
bin_04722	Chr17	12900000	13000000	12950000	83.4944
bin_04723	Chr17	13000000	13100000	13050000	84.4605
bin_04724	Chr17	13100000	13200000	13150000	86.3929
bin_04725	Chr17	13200000	13300000	13250000	87.1981
bin_04726	Chr17	13300000	13400000	13350000	88.3253
bin_04727	Chr17	13400000	13500000	13450000	89.372
bin_04728	Chr17	13500000	13600000	13550000	90.4992
bin_04729	Chr17	13600000	13700000	13650000	91.3849
bin_04730	Chr17	13700000	13800000	13750000	92.1095
bin_04731	Chr17	13800000	13900000	13850000	92.9952
bin_04732	Chr17	13900000	14000000	13950000	93.6393
bin_04733	Chr17	14000000	14100000	14050000	94.3639
bin_04734	Chr17	14100000	14200000	14150000	95.4106
bin_04735	Chr17	14200000	14300000	14250000	95.9742
bin_04736	Chr17	14300000	14400000	14350000	96.6184
bin_04737	Chr17	14400000	14500000	14450000	96.8599
bin_04738	Chr17	14500000	14600000	14550000	96.9404
bin_04739	Chr17	14600000	14700000	14650000	97.9066
bin_04740	Chr17	14700000	14800000	14750000	98.1481
bin_04741	Chr17	14800000	14900000	14850000	98.7118
bin_04742	Chr17	14900000	15000000	14950000	98.8728
bin_04743	Chr17	15000000	15100000	15050000	99.4364
bin_04744	Chr17	15100000	15200000	15150000	100.0805
bin_04745	Chr17	15200000	15300000	15250000	100.2415
bin_04746	Chr17	15300000	15400000	15350000	100.5636
bin_04747	Chr17	15400000	15500000	15450000	100.8052
bin_04748	Chr17	15500000	15600000	15550000	101.2882
bin_04749	Chr17	15600000	15700000	15650000	101.9324
bin_04750	Chr17	15700000	15800000	15750000	102.0129
bin_04751	Chr17	15800000	16000000	15900000	102.4155
bin_04752	Chr17	16000000	16100000	16050000	103.0596
bin_04753	Chr17	16100000	16200000	16150000	103.4622
bin_04754	Chr17	16200000	16300000	16250000	103.7842
bin_04755	Chr17	16300000	16400000	16350000	103.9452
bin_04756	Chr17	16400000	16500000	16450000	104.1063
bin_04757	Chr17	16500000	16600000	16550000	104.5089
bin_04758	Chr17	16600000	16700000	16650000	104.7504
bin_04759	Chr17	16700000	16800000	16750000	104.9114
bin_04760	Chr17	16800000	17000000	16900000	105.153
bin_04761	Chr17	17000000	17100000	17050000	105.2335
bin_04762	Chr17	17100000	17300000	17200000	105.314
bin_04763	Chr17	17300000	17400000	17350000	105.3945
bin_04764	Chr17	17400000	17500000	17450000	105.5556
bin_04765	Chr17	17500000	17600000	17550000	105.7971
bin_04766	Chr17	17600000	17800000	17700000	105.8776
bin_04767	Chr17	17800000	18100000	17950000	106.0386
bin_04768	Chr17	18100000	18300000	18200000	106.1192
bin_04769	Chr17	18300000	19000000	18650000	106.2802
bin_04770	Chr17	19000000	19200000	19100000	106.4412
bin_04771	Chr17	19200000	19400000	19300000	106.5217
bin_04772	Chr17	19400000	19700000	19550000	106.6023
bin_04773	Chr17	19700000	20300000	20000000	106.9243
bin_04774	Chr17	20300000	21200000	20750000	107.0048
bin_04775	Chr17	21200000	21500000	21350000	107.0853
bin_04776	Chr17	21500000	21700000	21600000	107.2464
bin_04777	Chr17	21700000	22200000	21950000	107.4074
bin_04778	Chr17	22200000	22300000	22250000	107.5684
bin_04779	Chr17	22300000	22400000	22350000	107.7295
bin_04780	Chr17	22400000	23300000	22850000	107.81
bin_04781	Chr17	23300000	23400000	23350000	107.8905
bin_04782	Chr17	23400000	24000000	23700000	107.971
bin_04783	Chr17	24000000	24100000	24050000	108.0515
bin_04784	Chr17	24100000	24300000	24200000	108.132
bin_04785	Chr17	24300000	24500000	24400000	108.4541
bin_04786	Chr17	24500000	24700000	24600000	108.5346
bin_04787	Chr17	24700000	24800000	24750000	108.6957
bin_04788	Chr17	24800000	25200000	25000000	108.7762
bin_04789	Chr17	25200000	25300000	25250000	108.8567
bin_04790	Chr17	25300000	25400000	25350000	109.0177
bin_04791	Chr17	25400000	25600000	25500000	109.2593
bin_04792	Chr17	25600000	25700000	25650000	109.3398
bin_04793	Chr17	25700000	26100000	25900000	109.4203
bin_04794	Chr17	26100000	26200000	26150000	109.5008
bin_04795	Chr17	26200000	26300000	26250000	109.6618
bin_04796	Chr17	26300000	26400000	26350000	109.9034
bin_04797	Chr17	26400000	26500000	26450000	110.0644
bin_04798	Chr17	26500000	26600000	26550000	110.1449
bin_04799	Chr17	26600000	29200000	27900000	110.306
bin_04800	Chr17	29200000	29900000	29550000	110.3865
bin_04801	Chr17	29900000	30400000	30150000	110.467
bin_04802	Chr17	30400000	30800000	30600000	110.628
bin_04803	Chr17	30800000	31800000	31300000	110.8696
bin_04804	Chr17	31800000	32400000	32100000	111.1916
bin_04805	Chr17	32400000	32700000	32550000	111.2721
bin_04806	Chr17	32700000	34800000	33750000	111.4332
bin_04807	Chr17	34800000	34900000	34850000	111.5942
bin_04808	Chr17	34900000	35000000	34950000	111.9163
bin_04809	Chr17	35000000	35100000	35050000	112.3188
bin_04810	Chr17	35100000	35200000	35150000	112.3994
bin_04811	Chr17	35200000	35300000	35250000	112.8824
bin_04812	Chr17	35300000	35400000	35350000	112.963
bin_04813	Chr17	35400000	35700000	35550000	113.0435
bin_04814	Chr17	35700000	36400000	36050000	113.2045
bin_04815	Chr17	36400000	36600000	36500000	113.3655
bin_04816	Chr17	36600000	36800000	36700000	113.5266
bin_04817	Chr17	36800000	36900000	36850000	113.9291
bin_04818	Chr17	36900000	37000000	36950000	114.3317
bin_04819	Chr17	37000000	37100000	37050000	114.8148
bin_04820	Chr17	37100000	37200000	37150000	115.0564
bin_04821	Chr17	37200000	37400000	37300000	115.1369
bin_04822	Chr17	37400000	37500000	37450000	116.5056
bin_04823	Chr17	37500000	37600000	37550000	117.0692
bin_04824	Chr17	37600000	37700000	37650000	118.277
bin_04825	Chr17	37700000	37800000	37750000	118.8406
bin_04826	Chr17	37800000	37900000	37850000	119.4042
bin_04827	Chr17	37900000	38000000	37950000	119.8873
bin_04828	Chr17	38000000	38100000	38050000	120.6924
bin_04829	Chr17	38100000	38200000	38150000	121.1755
bin_04830	Chr17	38200000	38300000	38250000	123.1884
bin_04831	Chr17	38300000	38400000	38350000	124.3156
bin_04832	Chr17	38400000	38500000	38450000	125.2818
bin_04833	Chr17	38500000	38600000	38550000	126.1675
bin_04834	Chr17	38600000	38700000	38650000	126.409
bin_04835	Chr17	38700000	38800000	38750000	127.0531
bin_04836	Chr17	38800000	38900000	38850000	128.0998
bin_04837	Chr17	38900000	39000000	38950000	129.3881
bin_04838	Chr17	39000000	39100000	39050000	130.3543
bin_04839	Chr17	39100000	39200000	39150000	131.0789
bin_04840	Chr17	39200000	39300000	39250000	131.562
bin_04841	Chr17	39300000	39400000	39350000	131.9646
bin_04842	Chr17	39400000	39500000	39450000	133.8164
bin_04843	Chr17	39500000	39600000	39550000	134.7021
bin_04844	Chr17	39600000	39700000	39650000	136.3124
bin_04845	Chr17	39700000	39800000	39750000	137.7617
bin_04846	Chr17	39800000	39900000	39850000	138.8889
bin_04847	Chr17	39900000	40000000	39950000	139.8551
bin_04848	Chr17	40000000	40100000	40050000	140.3382
bin_04849	Chr17	40100000	40200000	40150000	141.0628
bin_04850	Chr17	40200000	40300000	40250000	141.7069
bin_04851	Chr17	40300000	40400000	40350000	142.5121
bin_04852	Chr17	40400000	40500000	40450000	143.0757
bin_04853	Chr17	40500000	40600000	40550000	144.847
bin_04854	Chr17	40600000	40700000	40650000	146.3768
bin_04855	Chr17	40700000	40800000	40750000	147.9066
bin_04856	Chr17	40800000	40900000	40850000	148.7118
bin_04857	Chr17	40900000	41000000	40950000	149.839
bin_04858	Chr17	41000000	41100000	41050000	150.8052
bin_04859	Chr17	41100000	41200000	41150000	152.0129
bin_04860	Chr17	41200000	41300000	41250000	152.7375
bin_04861	Chr17	41300000	41400000	41350000	153.9452
bin_04862	Chr17	41400000	41500000	41450000	155.153
bin_04863	Chr17	41500000	41600000	41550000	156.1192
bin_04864	Chr17	41600000	41700000	41650000	157.4879
bin_04865	Chr17	41700000	41800000	41750000	158.132
bin_04866	Chr17	41800000	41900000	41850000	158.6151
bin_04867	Chr17	41900000	42000000	41950000	159.6618
bin_04868	Chr17	42000000	42100000	42050000	159.7424
bin_04869	Chr17	42100000	42200000	42150000	160.467
bin_04870	Chr17	42200000	42300000	42250000	161.1111
bin_04871	Chr17	42300000	42350739	42325369	161.3527
bin_04872	Chr18	1	400000	200000	0.0
bin_04873	Chr18	400000	500000	450000	0.2415
bin_04874	Chr18	500000	600000	550000	0.5636
bin_04875	Chr18	600000	700000	650000	1.1272
bin_04876	Chr18	700000	800000	750000	1.5298
bin_04877	Chr18	800000	900000	850000	2.2544
bin_04878	Chr18	900000	1000000	950000	2.496
bin_04879	Chr18	1000000	1100000	1050000	3.0596
bin_04880	Chr18	1100000	1200000	1150000	3.7842
bin_04881	Chr18	1200000	1300000	1250000	4.0258
bin_04882	Chr18	1300000	1400000	1350000	4.9114
bin_04883	Chr18	1400000	1500000	1450000	5.3945
bin_04884	Chr18	1500000	1600000	1550000	5.7971
bin_04885	Chr18	1600000	1700000	1650000	6.4412
bin_04886	Chr18	1700000	1800000	1750000	7.0853
bin_04887	Chr18	1800000	1900000	1850000	7.8905
bin_04888	Chr18	1900000	2000000	1950000	9.1787
bin_04889	Chr18	2000000	2100000	2050000	10.1449
bin_04890	Chr18	2100000	2200000	2150000	10.789
bin_04891	Chr18	2200000	2300000	2250000	11.5942
bin_04892	Chr18	2300000	2400000	2350000	11.9163
bin_04893	Chr18	2400000	2500000	2450000	12.6409
bin_04894	Chr18	2500000	2600000	2550000	13.5266
bin_04895	Chr18	2600000	2700000	2650000	14.0902
bin_04896	Chr18	2700000	2800000	2750000	14.8148
bin_04897	Chr18	2800000	2900000	2850000	15.8615
bin_04898	Chr18	2900000	3000000	2950000	17.0692
bin_04899	Chr18	3000000	3100000	3050000	17.3913
bin_04900	Chr18	3100000	3200000	3150000	18.438
bin_04901	Chr18	3200000	3300000	3250000	19.2432
bin_04902	Chr18	3300000	3400000	3350000	20.4509
bin_04903	Chr18	3400000	3500000	3450000	21.4171
bin_04904	Chr18	3500000	3600000	3550000	21.9002
bin_04905	Chr18	3600000	3700000	3650000	22.5443
bin_04906	Chr18	3700000	3800000	3750000	23.3494
bin_04907	Chr18	3800000	3900000	3850000	24.2351
bin_04908	Chr18	3900000	4000000	3950000	25.4428
bin_04909	Chr18	4000000	4100000	4050000	26.57
bin_04910	Chr18	4100000	4200000	4150000	27.0531
bin_04911	Chr18	4200000	4300000	4250000	27.8583
bin_04912	Chr18	4300000	4400000	4350000	28.0998
bin_04913	Chr18	4400000	4500000	4450000	29.3881
bin_04914	Chr18	4500000	4600000	4550000	30.8374
bin_04915	Chr18	4600000	4700000	4650000	31.3205
bin_04916	Chr18	4700000	4800000	4750000	31.4815
bin_04917	Chr18	4800000	4900000	4850000	32.3671
bin_04918	Chr18	4900000	5000000	4950000	33.2528
bin_04919	Chr18	5000000	5100000	5050000	33.9775
bin_04920	Chr18	5100000	5200000	5150000	34.6216
bin_04921	Chr18	5200000	5300000	5250000	35.5072
bin_04922	Chr18	5300000	5400000	5350000	35.9098
bin_04923	Chr18	5400000	5500000	5450000	37.037
bin_04924	Chr18	5500000	5600000	5550000	37.6006
bin_04925	Chr18	5600000	5700000	5650000	38.2448
bin_04926	Chr18	5700000	5800000	5750000	38.6473
bin_04927	Chr18	5800000	5900000	5850000	39.4525
bin_04928	Chr18	5900000	6000000	5950000	39.7746
bin_04929	Chr18	6000000	6100000	6050000	40.5797
bin_04930	Chr18	6100000	6200000	6150000	40.9018
bin_04931	Chr18	6200000	6300000	6250000	41.5459
bin_04932	Chr18	6300000	6400000	6350000	42.2705
bin_04933	Chr18	6400000	6500000	6450000	42.8341
bin_04934	Chr18	6500000	6600000	6550000	43.1562
bin_04935	Chr18	6600000	6700000	6650000	43.9614
bin_04936	Chr18	6700000	6800000	6750000	44.2834
bin_04937	Chr18	6800000	6900000	6850000	45.0886
bin_04938	Chr18	6900000	7000000	6950000	45.8132
bin_04939	Chr18	7000000	7100000	7050000	46.4573
bin_04940	Chr18	7100000	7200000	7150000	47.2625
bin_04941	Chr18	7200000	7300000	7250000	47.6651
bin_04942	Chr18	7300000	7400000	7350000	48.3092
bin_04943	Chr18	7400000	7500000	7450000	48.6312
bin_04944	Chr18	7500000	7600000	7550000	49.4364
bin_04945	Chr18	7600000	7700000	7650000	51.3688
bin_04946	Chr18	7700000	7800000	7750000	52.1739
bin_04947	Chr18	7800000	7900000	7850000	52.4155
bin_04948	Chr18	7900000	8000000	7950000	53.2206
bin_04949	Chr18	8000000	8100000	8050000	53.7037
bin_04950	Chr18	8100000	8200000	8150000	53.8647
bin_04951	Chr18	8200000	8300000	8250000	54.0258
bin_04952	Chr18	8300000	8400000	8350000	54.3478
bin_04953	Chr18	8400000	8500000	8450000	54.5089
bin_04954	Chr18	8500000	8600000	8550000	54.7504
bin_04955	Chr18	8600000	8700000	8650000	55.314
bin_04956	Chr18	8700000	8800000	8750000	56.4412
bin_04957	Chr18	8800000	8900000	8850000	57.649
bin_04958	Chr18	8900000	9000000	8950000	57.971
bin_04959	Chr18	9000000	9100000	9050000	58.3736
bin_04960	Chr18	9100000	9200000	9150000	58.6957
bin_04961	Chr18	9200000	9300000	9250000	59.2593
bin_04962	Chr18	9300000	9500000	9400000	59.5008
bin_04963	Chr18	9500000	9700000	9600000	59.9034
bin_04964	Chr18	9700000	9800000	9750000	60.1449
bin_04965	Chr18	9800000	9900000	9850000	60.306
bin_04966	Chr18	9900000	10000000	9950000	60.3865
bin_04967	Chr18	10000000	10100000	10050000	60.5475
bin_04968	Chr18	10100000	10200000	10150000	60.9501
bin_04969	Chr18	10200000	10300000	10250000	61.1916
bin_04970	Chr18	10300000	10400000	10350000	61.5137
bin_04971	Chr18	10400000	10500000	10450000	61.7552
bin_04972	Chr18	10500000	10600000	10550000	62.1578
bin_04973	Chr18	10600000	10700000	10650000	62.2383
bin_04974	Chr18	10700000	10800000	10750000	62.3994
bin_04975	Chr18	10800000	10900000	10850000	62.4799
bin_04976	Chr18	10900000	11000000	10950000	62.7214
bin_04977	Chr18	11000000	11100000	11050000	63.5266
bin_04978	Chr18	11100000	11200000	11150000	63.7681
bin_04979	Chr18	11200000	11300000	11250000	63.8486
bin_04980	Chr18	11300000	11400000	11350000	63.9291
bin_04981	Chr18	11400000	11500000	11450000	64.1707
bin_04982	Chr18	11500000	11600000	11550000	64.4122
bin_04983	Chr18	11600000	11700000	11650000	64.5733
bin_04984	Chr18	11700000	11800000	11750000	64.7343
bin_04985	Chr18	11800000	11900000	11850000	64.8148
bin_04986	Chr18	11900000	12000000	11950000	65.1369
bin_04987	Chr18	12000000	12100000	12050000	65.2979
bin_04988	Chr18	12100000	12200000	12150000	65.781
bin_04989	Chr18	12200000	12400000	12300000	66.1836
bin_04990	Chr18	12400000	12500000	12450000	66.3446
bin_04991	Chr18	12500000	12600000	12550000	66.5056
bin_04992	Chr18	12600000	12700000	12650000	66.6667
bin_04993	Chr18	12700000	12900000	12800000	66.7472
bin_04994	Chr18	12900000	13200000	13050000	66.9887
bin_04995	Chr18	13200000	13300000	13250000	67.2303
bin_04996	Chr18	13300000	13400000	13350000	67.3108
bin_04997	Chr18	13400000	13700000	13550000	67.3913
bin_04998	Chr18	13700000	13900000	13800000	67.4718
bin_04999	Chr18	13900000	14000000	13950000	67.6329
bin_05000	Chr18	14000000	14300000	14150000	67.8744
bin_05001	Chr18	14300000	14700000	14500000	68.0354
bin_05002	Chr18	14700000	15200000	14950000	68.3575
bin_05003	Chr18	15200000	15400000	15300000	68.5185
bin_05004	Chr18	15400000	15500000	15450000	68.599
bin_05005	Chr18	15500000	15600000	15550000	69.0821
bin_05006	Chr18	15600000	15700000	15650000	69.5652
bin_05007	Chr18	15700000	15800000	15750000	69.6457
bin_05008	Chr18	15800000	15900000	15850000	69.7262
bin_05009	Chr18	15900000	16000000	15950000	69.8068
bin_05010	Chr18	16000000	16200000	16100000	70.2899
bin_05011	Chr18	16200000	16300000	16250000	70.6119
bin_05012	Chr18	16300000	16400000	16350000	70.7729
bin_05013	Chr18	16400000	16500000	16450000	70.8535
bin_05014	Chr18	16500000	16600000	16550000	71.0145
bin_05015	Chr18	16600000	16700000	16650000	71.1755
bin_05016	Chr18	16700000	17000000	16850000	71.5781
bin_05017	Chr18	17000000	17100000	17050000	71.9002
bin_05018	Chr18	17100000	17200000	17150000	71.9807
bin_05019	Chr18	17200000	17300000	17250000	72.0612
bin_05020	Chr18	17300000	17400000	17350000	72.2222
bin_05021	Chr18	17400000	17600000	17500000	72.3833
bin_05022	Chr18	17600000	17700000	17650000	72.5443
bin_05023	Chr18	17700000	17900000	17800000	72.7053
bin_05024	Chr18	17900000	18100000	18000000	72.7858
bin_05025	Chr18	18100000	18200000	18150000	72.8663
bin_05026	Chr18	18200000	18300000	18250000	73.1884
bin_05027	Chr18	18300000	18400000	18350000	73.2689
bin_05028	Chr18	18400000	18500000	18450000	73.43
bin_05029	Chr18	18500000	18800000	18650000	73.591
bin_05030	Chr18	18800000	18900000	18850000	73.8325
bin_05031	Chr18	18900000	19100000	19000000	73.913
bin_05032	Chr18	19100000	19700000	19400000	74.0741
bin_05033	Chr18	19700000	19900000	19800000	74.2351
bin_05034	Chr18	19900000	20000000	19950000	74.3961
bin_05035	Chr18	20000000	20100000	20050000	74.5572
bin_05036	Chr18	20100000	20200000	20150000	74.7987
bin_05037	Chr18	20200000	20400000	20300000	75.1208
bin_05038	Chr18	20400000	20800000	20600000	75.2013
bin_05039	Chr18	20800000	20900000	20850000	75.2818
bin_05040	Chr18	20900000	21000000	20950000	75.3623
bin_05041	Chr18	21000000	21200000	21100000	75.4428
bin_05042	Chr18	21200000	21800000	21500000	75.5233
bin_05043	Chr18	21800000	21900000	21850000	75.6039
bin_05044	Chr18	21900000	22300000	22100000	75.6844
bin_05045	Chr18	22300000	22400000	22350000	75.7649
bin_05046	Chr18	22400000	23000000	22700000	75.9259
bin_05047	Chr18	23000000	23100000	23050000	76.0064
bin_05048	Chr18	23100000	23800000	23450000	76.087
bin_05049	Chr18	23800000	24000000	23900000	76.248
bin_05050	Chr18	24000000	24100000	24050000	76.3285
bin_05051	Chr18	24100000	24300000	24200000	76.409
bin_05052	Chr18	24300000	25400000	24850000	76.4895
bin_05053	Chr18	25400000	26700000	26050000	76.6506
bin_05054	Chr18	26700000	28800000	27750000	76.7311
bin_05055	Chr18	28800000	29300000	29050000	76.8116
bin_05056	Chr18	29300000	29900000	29600000	76.8921
bin_05057	Chr18	29900000	30800000	30350000	76.9726
bin_05058	Chr18	30800000	33100000	31950000	77.0531
bin_05059	Chr18	33100000	33500000	33300000	77.1337
bin_05060	Chr18	33500000	35800000	34650000	77.2142
bin_05061	Chr18	35800000	37300000	36550000	77.2947
bin_05062	Chr18	37300000	37500000	37400000	77.3752
bin_05063	Chr18	37500000	37800000	37650000	77.4557
bin_05064	Chr18	37800000	41500000	39650000	77.5362
bin_05065	Chr18	41500000	42800000	42150000	77.6167
bin_05066	Chr18	42800000	43200000	43000000	77.6973
bin_05067	Chr18	43200000	43500000	43350000	77.8583
bin_05068	Chr18	43500000	43600000	43550000	77.9388
bin_05069	Chr18	43600000	43700000	43650000	78.0998
bin_05070	Chr18	43700000	43900000	43800000	78.3414
bin_05071	Chr18	43900000	44000000	43950000	78.5024
bin_05072	Chr18	44000000	44100000	44050000	78.905
bin_05073	Chr18	44100000	44200000	44150000	79.066
bin_05074	Chr18	44200000	44300000	44250000	79.1465
bin_05075	Chr18	44300000	44600000	44450000	79.3076
bin_05076	Chr18	44600000	44700000	44650000	79.3881
bin_05077	Chr18	44700000	44800000	44750000	79.4686
bin_05078	Chr18	44800000	45000000	44900000	79.7101
bin_05079	Chr18	45000000	45600000	45300000	79.7907
bin_05080	Chr18	45600000	45900000	45750000	79.8712
bin_05081	Chr18	45900000	46000000	45950000	80.0322
bin_05082	Chr18	46000000	46200000	46100000	80.1127
bin_05083	Chr18	46200000	46400000	46300000	80.5153
bin_05084	Chr18	46400000	46500000	46450000	80.8374
bin_05085	Chr18	46500000	46700000	46600000	80.9179
bin_05086	Chr18	46700000	46800000	46750000	81.1594
bin_05087	Chr18	46800000	47100000	46950000	81.3205
bin_05088	Chr18	47100000	47500000	47300000	81.562
bin_05089	Chr18	47500000	47600000	47550000	81.6425
bin_05090	Chr18	47600000	47700000	47650000	81.723
bin_05091	Chr18	47700000	47800000	47750000	81.8841
bin_05092	Chr18	47800000	47900000	47850000	82.0451
bin_05093	Chr18	47900000	48000000	47950000	82.1256
bin_05094	Chr18	48000000	48100000	48050000	82.2061
bin_05095	Chr18	48100000	48200000	48150000	82.3671
bin_05096	Chr18	48200000	48300000	48250000	82.5282
bin_05097	Chr18	48300000	48400000	48350000	82.6087
bin_05098	Chr18	48400000	48500000	48450000	83.0113
bin_05099	Chr18	48500000	48600000	48550000	83.0918
bin_05100	Chr18	48600000	48700000	48650000	83.3333
bin_05101	Chr18	48700000	48900000	48800000	83.4944
bin_05102	Chr18	48900000	49000000	48950000	84.38
bin_05103	Chr18	49000000	49100000	49050000	84.4605
bin_05104	Chr18	49100000	49200000	49150000	84.7021
bin_05105	Chr18	49200000	49300000	49250000	85.2657
bin_05106	Chr18	49300000	49400000	49350000	85.3462
bin_05107	Chr18	49400000	50000000	49700000	85.6683
bin_05108	Chr18	50000000	50100000	50050000	85.7488
bin_05109	Chr18	50100000	50300000	50200000	85.9098
bin_05110	Chr18	50300000	50400000	50350000	86.0709
bin_05111	Chr18	50400000	50500000	50450000	86.6345
bin_05112	Chr18	50500000	50600000	50550000	86.7955
bin_05113	Chr18	50600000	50700000	50650000	86.876
bin_05114	Chr18	50700000	50800000	50750000	87.7617
bin_05115	Chr18	50800000	50900000	50850000	88.5668
bin_05116	Chr18	50900000	51000000	50950000	89.0499
bin_05117	Chr18	51000000	51100000	51050000	89.2915
bin_05118	Chr18	51100000	51200000	51150000	89.533
bin_05119	Chr18	51200000	51300000	51250000	89.9356
bin_05120	Chr18	51300000	51400000	51350000	90.5797
bin_05121	Chr18	51400000	51500000	51450000	91.1433
bin_05122	Chr18	51500000	51600000	51550000	93.2367
bin_05123	Chr18	51600000	51700000	51650000	93.5588
bin_05124	Chr18	51700000	51800000	51750000	95.0081
bin_05125	Chr18	51800000	51900000	51850000	95.6522
bin_05126	Chr18	51900000	52000000	51950000	95.8937
bin_05127	Chr18	52000000	52100000	52050000	96.2158
bin_05128	Chr18	52100000	52200000	52150000	97.1014
bin_05129	Chr18	52200000	52300000	52250000	97.7456
bin_05130	Chr18	52300000	52400000	52350000	98.2287
bin_05131	Chr18	52400000	52500000	52450000	98.9533
bin_05132	Chr18	52500000	52600000	52550000	99.5169
bin_05133	Chr18	52600000	52700000	52650000	100.8052
bin_05134	Chr18	52700000	52800000	52750000	102.0129
bin_05135	Chr18	52800000	52900000	52850000	102.657
bin_05136	Chr18	52900000	53000000	52950000	104.4283
bin_05137	Chr18	53000000	53100000	53050000	104.9114
bin_05138	Chr18	53100000	53200000	53150000	105.5556
bin_05139	Chr18	53200000	53300000	53250000	106.7633
bin_05140	Chr18	53300000	53400000	53350000	107.649
bin_05141	Chr18	53400000	53500000	53450000	109.1787
bin_05142	Chr18	53500000	53600000	53550000	109.5813
bin_05143	Chr18	53600000	53700000	53650000	109.8229
bin_05144	Chr18	53700000	53800000	53750000	110.306
bin_05145	Chr18	53800000	53900000	53850000	110.789
bin_05146	Chr18	53900000	54000000	53950000	111.7552
bin_05147	Chr18	54000000	54100000	54050000	112.1578
bin_05148	Chr18	54100000	54200000	54150000	112.6409
bin_05149	Chr18	54200000	54300000	54250000	112.8824
bin_05150	Chr18	54300000	54400000	54350000	113.285
bin_05151	Chr18	54400000	54500000	54450000	113.9291
bin_05152	Chr18	54500000	54600000	54550000	114.0902
bin_05153	Chr18	54600000	54700000	54650000	115.1369
bin_05154	Chr18	54700000	54800000	54750000	115.62
bin_05155	Chr18	54800000	54900000	54850000	116.5056
bin_05156	Chr18	54900000	55000000	54950000	116.6667
bin_05157	Chr18	55000000	55100000	55050000	117.2303
bin_05158	Chr18	55100000	55200000	55150000	118.438
bin_05159	Chr18	55200000	55300000	55250000	119.0821
bin_05160	Chr18	55300000	55400000	55350000	119.8873
bin_05161	Chr18	55400000	55500000	55450000	120.2899
bin_05162	Chr18	55500000	55600000	55550000	120.6119
bin_05163	Chr18	55600000	55700000	55650000	121.4976
bin_05164	Chr18	55700000	55800000	55750000	123.2689
bin_05165	Chr18	55800000	55900000	55850000	123.8325
bin_05166	Chr18	55900000	56000000	55950000	124.7987
bin_05167	Chr18	56000000	56100000	56050000	125.8454
bin_05168	Chr18	56100000	56200000	56150000	126.7311
bin_05169	Chr18	56200000	56300000	56250000	127.7778
bin_05170	Chr18	56300000	56400000	56350000	128.5829
bin_05171	Chr18	56400000	56500000	56450000	129.2271
bin_05172	Chr18	56500000	56600000	56550000	129.9517
bin_05173	Chr18	56600000	56700000	56650000	130.7568
bin_05174	Chr18	56700000	56800000	56750000	131.2399
bin_05175	Chr18	56800000	56900000	56850000	131.8841
bin_05176	Chr18	56900000	57000000	56950000	132.6087
bin_05177	Chr18	57000000	57100000	57050000	133.3333
bin_05178	Chr18	57100000	57200000	57150000	134.2995
bin_05179	Chr18	57200000	57300000	57250000	135.0242
bin_05180	Chr18	57300000	57400000	57350000	135.5878
bin_05181	Chr18	57400000	57500000	57450000	135.8293
bin_05182	Chr18	57500000	57600000	57550000	136.715
bin_05183	Chr18	57600000	57700000	57650000	137.6006
bin_05184	Chr18	57700000	57800000	57750000	138.0837
bin_05185	Chr18	57800000	57900000	57850000	138.5668
bin_05186	Chr18	57900000	58000000	57950000	139.4525
bin_05187	Chr18	58000000	58100000	58050000	139.8551
bin_05188	Chr18	58100000	58200000	58150000	140.5797
bin_05189	Chr18	58200000	58300000	58250000	141.2238
bin_05190	Chr18	58300000	58400000	58350000	141.7069
bin_05191	Chr18	58400000	58500000	58450000	141.9485
bin_05192	Chr18	58500000	58600000	58550000	142.351
bin_05193	Chr18	58600000	58700000	58650000	143.2367
bin_05194	Chr18	58700000	58800000	58750000	143.5588
bin_05195	Chr18	58800000	58900000	58850000	144.0419
bin_05196	Chr18	58900000	59000000	58950000	144.4444
bin_05197	Chr18	59000000	59100000	59050000	144.7665
bin_05198	Chr18	59100000	59200000	59150000	145.0081
bin_05199	Chr18	59200000	59300000	59250000	145.6522
bin_05200	Chr18	59300000	59400000	59350000	146.0548
bin_05201	Chr18	59400000	59500000	59450000	146.2963
bin_05202	Chr18	59500000	59600000	59550000	146.6989
bin_05203	Chr18	59600000	59700000	59650000	147.4235
bin_05204	Chr18	59700000	59800000	59750000	147.7456
bin_05205	Chr18	59800000	59900000	59850000	147.9871
bin_05206	Chr18	59900000	60000000	59950000	148.8728
bin_05207	Chr18	60000000	60200000	60100000	149.5169
bin_05208	Chr18	60200000	60300000	60250000	149.9195
bin_05209	Chr18	60300000	60400000	60350000	150.3221
bin_05210	Chr18	60400000	60500000	60450000	151.4493
bin_05211	Chr18	60500000	60600000	60550000	152.2544
bin_05212	Chr18	60600000	60669500	60634750	152.496
bin_05213	Chr19	1	200000	100000	0.0
bin_05214	Chr19	200000	300000	250000	0.0805
bin_05215	Chr19	300000	400000	350000	0.2415
bin_05216	Chr19	400000	500000	450000	0.5636
bin_05217	Chr19	500000	600000	550000	1.2077
bin_05218	Chr19	600000	700000	650000	1.6103
bin_05219	Chr19	700000	800000	750000	3.1401
bin_05220	Chr19	800000	900000	850000	4.4283
bin_05221	Chr19	900000	1000000	950000	5.9581
bin_05222	Chr19	1000000	1100000	1050000	7.5684
bin_05223	Chr19	1100000	1200000	1150000	9.8229
bin_05224	Chr19	1200000	1300000	1250000	11.1111
bin_05225	Chr19	1300000	1400000	1350000	12.3188
bin_05226	Chr19	1400000	1500000	1450000	12.963
bin_05227	Chr19	1500000	1600000	1550000	13.4461
bin_05228	Chr19	1600000	1700000	1650000	13.8486
bin_05229	Chr19	1700000	1800000	1750000	14.3317
bin_05230	Chr19	1800000	1900000	1850000	15.0564
bin_05231	Chr19	1900000	2000000	1950000	16.1031
bin_05232	Chr19	2000000	2100000	2050000	16.6667
bin_05233	Chr19	2100000	2200000	2150000	17.7134
bin_05234	Chr19	2200000	2300000	2250000	18.3575
bin_05235	Chr19	2300000	2400000	2350000	20.0483
bin_05236	Chr19	2400000	2500000	2450000	20.934
bin_05237	Chr19	2500000	2600000	2550000	21.9807
bin_05238	Chr19	2600000	2700000	2650000	22.3027
bin_05239	Chr19	2700000	2800000	2750000	22.7053
bin_05240	Chr19	2800000	2900000	2850000	22.8663
bin_05241	Chr19	2900000	3000000	2950000	23.1079
bin_05242	Chr19	3000000	3100000	3050000	23.591
bin_05243	Chr19	3100000	3200000	3150000	23.6715
bin_05244	Chr19	3200000	3300000	3250000	23.913
bin_05245	Chr19	3300000	3400000	3350000	24.6377
bin_05246	Chr19	3400000	3500000	3450000	25.1208
bin_05247	Chr19	3500000	3600000	3550000	26.0064
bin_05248	Chr19	3600000	3700000	3650000	27.2142
bin_05249	Chr19	3700000	3800000	3750000	27.5362
bin_05250	Chr19	3800000	3900000	3850000	27.8583
bin_05251	Chr19	3900000	4100000	4000000	28.0193
bin_05252	Chr19	4100000	4200000	4150000	28.0998
bin_05253	Chr19	4200000	4300000	4250000	28.2609
bin_05254	Chr19	4300000	4400000	4350000	28.9855
bin_05255	Chr19	4400000	4500000	4450000	29.1465
bin_05256	Chr19	4500000	4600000	4550000	29.3076
bin_05257	Chr19	4600000	4800000	4700000	29.3881
bin_05258	Chr19	4800000	4900000	4850000	29.5491
bin_05259	Chr19	4900000	5000000	4950000	30.1932
bin_05260	Chr19	5000000	5100000	5050000	30.4348
bin_05261	Chr19	5100000	5200000	5150000	31.562
bin_05262	Chr19	5200000	5300000	5250000	33.2528
bin_05263	Chr19	5300000	5400000	5350000	33.4944
bin_05264	Chr19	5400000	5500000	5450000	35.0242
bin_05265	Chr19	5500000	5600000	5550000	35.1852
bin_05266	Chr19	5600000	5700000	5650000	35.3462
bin_05267	Chr19	5700000	5800000	5750000	35.4267
bin_05268	Chr19	5800000	5900000	5850000	35.7488
bin_05269	Chr19	5900000	6000000	5950000	35.8293
bin_05270	Chr19	6000000	6100000	6050000	36.2319
bin_05271	Chr19	6100000	6200000	6150000	36.6345
bin_05272	Chr19	6200000	6300000	6250000	36.715
bin_05273	Chr19	6300000	6500000	6400000	36.7955
bin_05274	Chr19	6500000	6800000	6650000	36.876
bin_05275	Chr19	6800000	6900000	6850000	36.9565
bin_05276	Chr19	6900000	7200000	7050000	37.037
bin_05277	Chr19	7200000	7400000	7300000	37.1981
bin_05278	Chr19	7400000	7500000	7450000	37.3591
bin_05279	Chr19	7500000	7600000	7550000	37.5201
bin_05280	Chr19	7600000	7700000	7650000	37.6006
bin_05281	Chr19	7700000	7800000	7750000	37.6812
bin_05282	Chr19	7800000	8100000	7950000	37.7617
bin_05283	Chr19	8100000	8200000	8150000	37.9227
bin_05284	Chr19	8200000	8300000	8250000	38.3253
bin_05285	Chr19	8300000	8400000	8350000	38.4863
bin_05286	Chr19	8400000	8500000	8450000	38.9694
bin_05287	Chr19	8500000	8600000	8550000	39.0499
bin_05288	Chr19	8600000	8700000	8650000	39.1304
bin_05289	Chr19	8700000	8900000	8800000	39.372
bin_05290	Chr19	8900000	9200000	9050000	39.533
bin_05291	Chr19	9200000	9300000	9250000	39.694
bin_05292	Chr19	9300000	9400000	9350000	39.7746
bin_05293	Chr19	9400000	9600000	9500000	40.0161
bin_05294	Chr19	9600000	9700000	9650000	40.0966
bin_05295	Chr19	9700000	10200000	9950000	40.1771
bin_05296	Chr19	10200000	10600000	10400000	40.2576
bin_05297	Chr19	10600000	10700000	10650000	40.3382
bin_05298	Chr19	10700000	10800000	10750000	40.6602
bin_05299	Chr19	10800000	11400000	11100000	40.9018
bin_05300	Chr19	11400000	11700000	11550000	40.9823
bin_05301	Chr19	11700000	12100000	11900000	41.1433
bin_05302	Chr19	12100000	12200000	12150000	41.2238
bin_05303	Chr19	12200000	12800000	12500000	41.3043
bin_05304	Chr19	12800000	13400000	13100000	41.3849
bin_05305	Chr19	13400000	13500000	13450000	41.4654
bin_05306	Chr19	13500000	15500000	14500000	41.5459
bin_05307	Chr19	15500000	20600000	18050000	41.6264
bin_05308	Chr19	20600000	28500000	24550000	41.7069
bin_05309	Chr19	28500000	28600000	28550000	41.7874
bin_05310	Chr19	28600000	29000000	28800000	41.9485
bin_05311	Chr19	29000000	29100000	29050000	42.1095
bin_05312	Chr19	29100000	29200000	29150000	42.19
bin_05313	Chr19	29200000	29400000	29300000	42.5926
bin_05314	Chr19	29400000	29500000	29450000	42.6731
bin_05315	Chr19	29500000	29600000	29550000	42.7536
bin_05316	Chr19	29600000	30000000	29800000	42.8341
bin_05317	Chr19	30000000	30800000	30400000	42.9147
bin_05318	Chr19	30800000	30900000	30850000	43.0757
bin_05319	Chr19	30900000	31400000	31150000	43.2367
bin_05320	Chr19	31400000	31500000	31450000	43.3172
bin_05321	Chr19	31500000	31600000	31550000	43.4783
bin_05322	Chr19	31600000	31900000	31750000	43.6393
bin_05323	Chr19	31900000	32000000	31950000	43.7198
bin_05324	Chr19	32000000	32200000	32100000	43.8808
bin_05325	Chr19	32200000	32500000	32350000	43.9614
bin_05326	Chr19	32500000	32700000	32600000	44.0419
bin_05327	Chr19	32700000	32800000	32750000	44.1224
bin_05328	Chr19	32800000	33300000	33050000	44.2029
bin_05329	Chr19	33300000	33600000	33450000	44.2834
bin_05330	Chr19	33600000	34000000	33800000	44.3639
bin_05331	Chr19	34000000	34200000	34100000	44.4444
bin_05332	Chr19	34200000	34400000	34300000	44.525
bin_05333	Chr19	34400000	35200000	34800000	44.686
bin_05334	Chr19	35200000	35300000	35250000	44.847
bin_05335	Chr19	35300000	35400000	35350000	45.0886
bin_05336	Chr19	35400000	35500000	35450000	45.4911
bin_05337	Chr19	35500000	35600000	35550000	46.2963
bin_05338	Chr19	35600000	35700000	35650000	46.6184
bin_05339	Chr19	35700000	35800000	35750000	46.6989
bin_05340	Chr19	35800000	35900000	35850000	47.343
bin_05341	Chr19	35900000	36000000	35950000	48.2287
bin_05342	Chr19	36000000	36100000	36050000	48.5507
bin_05343	Chr19	36100000	36200000	36150000	49.3559
bin_05344	Chr19	36200000	36300000	36250000	49.6779
bin_05345	Chr19	36300000	36400000	36350000	51.3688
bin_05346	Chr19	36400000	36500000	36450000	51.9324
bin_05347	Chr19	36500000	36600000	36550000	52.1739
bin_05348	Chr19	36600000	36700000	36650000	52.2544
bin_05349	Chr19	36700000	36800000	36750000	52.496
bin_05350	Chr19	36800000	36900000	36850000	52.5765
bin_05351	Chr19	36900000	37000000	36950000	53.4622
bin_05352	Chr19	37000000	37100000	37050000	54.6699
bin_05353	Chr19	37100000	37200000	37150000	55.7166
bin_05354	Chr19	37200000	37300000	37250000	55.8776
bin_05355	Chr19	37300000	37400000	37350000	56.2802
bin_05356	Chr19	37400000	37500000	37450000	56.3607
bin_05357	Chr19	37500000	37600000	37550000	56.5217
bin_05358	Chr19	37600000	37700000	37650000	57.4879
bin_05359	Chr19	37700000	37800000	37750000	58.0515
bin_05360	Chr19	37800000	37900000	37850000	58.3736
bin_05361	Chr19	37900000	38000000	37950000	58.6957
bin_05362	Chr19	38000000	38100000	38050000	59.9034
bin_05363	Chr19	38100000	38200000	38150000	60.628
bin_05364	Chr19	38200000	38300000	38250000	61.2721
bin_05365	Chr19	38300000	38400000	38350000	62.1578
bin_05366	Chr19	38400000	38500000	38450000	63.7681
bin_05367	Chr19	38500000	38600000	38550000	64.5733
bin_05368	Chr19	38600000	38700000	38650000	65.0564
bin_05369	Chr19	38700000	38800000	38750000	65.4589
bin_05370	Chr19	38800000	38900000	38850000	65.7005
bin_05371	Chr19	38900000	39000000	38950000	66.2641
bin_05372	Chr19	39000000	39100000	39050000	67.3108
bin_05373	Chr19	39100000	39200000	39150000	68.0354
bin_05374	Chr19	39200000	39300000	39250000	68.8406
bin_05375	Chr19	39300000	39400000	39350000	69.5652
bin_05376	Chr19	39400000	39500000	39450000	70.0483
bin_05377	Chr19	39500000	39700000	39600000	71.1755
bin_05378	Chr19	39700000	39800000	39750000	72.7053
bin_05379	Chr19	39800000	39900000	39850000	73.9936
bin_05380	Chr19	39900000	40000000	39950000	75.1208
bin_05381	Chr19	40000000	40100000	40050000	75.8454
bin_05382	Chr19	40100000	40200000	40150000	77.2142
bin_05383	Chr19	40200000	40300000	40250000	78.5829
bin_05384	Chr19	40300000	40400000	40350000	79.4686
bin_05385	Chr19	40400000	40500000	40450000	79.7907
bin_05386	Chr19	40500000	40600000	40550000	80.1127
bin_05387	Chr19	40600000	40700000	40650000	80.6763
bin_05388	Chr19	40700000	40800000	40750000	81.3205
bin_05389	Chr19	40800000	40900000	40850000	82.2061
bin_05390	Chr19	40900000	41000000	40950000	82.6087
bin_05391	Chr19	41000000	41100000	41050000	82.8502
bin_05392	Chr19	41100000	41200000	41150000	83.4138
bin_05393	Chr19	41200000	41300000	41250000	83.9775
bin_05394	Chr19	41300000	41400000	41350000	85.0242
bin_05395	Chr19	41400000	41500000	41450000	85.5072
bin_05396	Chr19	41500000	41600000	41550000	85.8293
bin_05397	Chr19	41600000	41700000	41650000	86.5539
bin_05398	Chr19	41700000	41800000	41750000	87.4396
bin_05399	Chr19	41800000	41900000	41850000	88.0032
bin_05400	Chr19	41900000	42000000	41950000	88.5668
bin_05401	Chr19	42000000	42100000	42050000	89.372
bin_05402	Chr19	42100000	42200000	42150000	90.0966
bin_05403	Chr19	42200000	42300000	42250000	91.2238
bin_05404	Chr19	42300000	42400000	42350000	92.1095
bin_05405	Chr19	42400000	42500000	42450000	92.6731
bin_05406	Chr19	42500000	42600000	42550000	93.2367
bin_05407	Chr19	42600000	42700000	42650000	94.2834
bin_05408	Chr19	42700000	42800000	42750000	94.525
bin_05409	Chr19	42800000	42900000	42850000	95.2496
bin_05410	Chr19	42900000	43000000	42950000	97.0209
bin_05411	Chr19	43000000	43100000	43050000	97.9871
bin_05412	Chr19	43100000	43200000	43150000	99.0338
bin_05413	Chr19	43200000	43300000	43250000	99.839
bin_05414	Chr19	43300000	43400000	43350000	100.2415
bin_05415	Chr19	43400000	43500000	43450000	100.9662
bin_05416	Chr19	43500000	43600000	43550000	102.2544
bin_05417	Chr19	43600000	43700000	43650000	103.3011
bin_05418	Chr19	43700000	43800000	43750000	104.2673
bin_05419	Chr19	43800000	43900000	43850000	104.5089
bin_05420	Chr19	43900000	44000000	43950000	105.314
bin_05421	Chr19	44000000	44100000	44050000	105.3945
bin_05422	Chr19	44100000	44300000	44200000	105.475
bin_05423	Chr19	44300000	44400000	44350000	105.5556
bin_05424	Chr19	44400000	44500000	44450000	105.8776
bin_05425	Chr19	44500000	44700000	44600000	105.9581
bin_05426	Chr19	44700000	44800000	44750000	106.2802
bin_05427	Chr19	44800000	45000000	44900000	106.4412
bin_05428	Chr19	45000000	45200000	45100000	106.5217
bin_05429	Chr19	45200000	45400000	45300000	106.6828
bin_05430	Chr19	45400000	45600000	45500000	107.0048
bin_05431	Chr19	45600000	45900000	45750000	107.0853
bin_05432	Chr19	45900000	46000000	45950000	107.1659
bin_05433	Chr19	46000000	46100000	46050000	107.81
bin_05434	Chr19	46100000	46200000	46150000	108.6957
bin_05435	Chr19	46200000	46300000	46250000	110.3865
bin_05436	Chr19	46300000	46400000	46350000	110.9501
bin_05437	Chr19	46400000	46500000	46450000	111.5137
bin_05438	Chr19	46500000	46600000	46550000	112.2383
bin_05439	Chr19	46600000	46700000	46650000	112.963
bin_05440	Chr19	46700000	46800000	46750000	113.2045
bin_05441	Chr19	46800000	46900000	46850000	113.285
bin_05442	Chr19	46900000	47000000	46950000	113.9291
bin_05443	Chr19	47000000	47100000	47050000	114.6538
bin_05444	Chr19	47100000	47200000	47150000	114.8953
bin_05445	Chr19	47200000	47300000	47250000	115.5395
bin_05446	Chr19	47300000	47400000	47350000	116.0225
bin_05447	Chr19	47400000	47500000	47450000	117.5523
bin_05448	Chr19	47500000	47600000	47550000	118.599
bin_05449	Chr19	47600000	47700000	47650000	119.4042
bin_05450	Chr19	47700000	47800000	47750000	120.2899
bin_05451	Chr19	47800000	47900000	47850000	121.256
bin_05452	Chr19	47900000	48000000	47950000	122.2222
bin_05453	Chr19	48000000	48100000	48050000	122.6248
bin_05454	Chr19	48100000	48200000	48150000	123.2689
bin_05455	Chr19	48200000	48300000	48250000	123.752
bin_05456	Chr19	48300000	48400000	48350000	124.3961
bin_05457	Chr19	48400000	48500000	48450000	125.0403
bin_05458	Chr19	48500000	48600000	48550000	125.4428
bin_05459	Chr19	48600000	48700000	48650000	126.8921
bin_05460	Chr19	48700000	48800000	48750000	128.0193
bin_05461	Chr19	48800000	48900000	48850000	128.8245
bin_05462	Chr19	48900000	49000000	48950000	130.4348
bin_05463	Chr19	49000000	49100000	49050000	131.0789
bin_05464	Chr19	49100000	49200000	49150000	131.8841
bin_05465	Chr19	49200000	49300000	49250000	134.7021
bin_05466	Chr19	49300000	49400000	49350000	135.0242
bin_05467	Chr19	49400000	49500000	49450000	135.6683
bin_05468	Chr19	49500000	49600000	49550000	136.3929
bin_05469	Chr19	49600000	49700000	49650000	137.6006
bin_05470	Chr19	49700000	49800000	49750000	138.3253
bin_05471	Chr19	49800000	49900000	49850000	138.8084
bin_05472	Chr19	49900000	50000000	49950000	139.533
bin_05473	Chr19	50000000	50100000	50050000	141.2238
bin_05474	Chr19	50100000	50200000	50150000	141.6264
bin_05475	Chr19	50200000	50300000	50250000	141.7069
bin_05476	Chr19	50300000	50400000	50350000	142.6731
bin_05477	Chr19	50400000	50500000	50450000	145.4106
bin_05478	Chr19	50500000	50600000	50550000	146.2963
bin_05479	Chr19	50600000	50700000	50650000	146.6989
bin_05480	Chr19	50700000	50800000	50750000	147.6651
bin_05481	Chr19	50800000	50900000	50850000	149.1143
bin_05482	Chr19	50900000	51000000	50950000	150.4026
bin_05483	Chr19	51000000	51100000	51050000	150.8052
bin_05484	Chr19	51100000	51200000	51150000	150.8857
bin_05485	Chr19	51200000	51300000	51250000	152.0129
bin_05486	Chr19	51300000	51400000	51350000	152.818
bin_05487	Chr19	51400000	51500000	51450000	153.1401
bin_05488	Chr19	51500000	51600000	51550000	153.4622
bin_05489	Chr19	51600000	51700000	51650000	153.8647
bin_05490	Chr19	51700000	51800000	51750000	154.3478
bin_05491	Chr19	51800000	51900000	51850000	154.4283
bin_05492	Chr19	51900000	52000000	51950000	154.9919
bin_05493	Chr19	52000000	52100000	52050000	156.0386
bin_05494	Chr19	52100000	52200000	52150000	157.3269
bin_05495	Chr19	52200000	52300000	52250000	158.2126
bin_05496	Chr20	1	200000	100000	0.0
bin_05497	Chr20	200000	500000	350000	0.0805
bin_05498	Chr20	500000	600000	550000	0.4026
bin_05499	Chr20	600000	700000	650000	1.5298
bin_05500	Chr20	700000	800000	750000	2.5765
bin_05501	Chr20	800000	900000	850000	3.5427
bin_05502	Chr20	900000	1000000	950000	6.0386
bin_05503	Chr20	1000000	1100000	1050000	6.6023
bin_05504	Chr20	1100000	1200000	1150000	8.2931
bin_05505	Chr20	1200000	1300000	1250000	10.2254
bin_05506	Chr20	1300000	1400000	1350000	10.8696
bin_05507	Chr20	1400000	1500000	1450000	11.4332
bin_05508	Chr20	1500000	1600000	1550000	11.9968
bin_05509	Chr20	1600000	1700000	1650000	12.7214
bin_05510	Chr20	1700000	1800000	1750000	13.2045
bin_05511	Chr20	1800000	1900000	1850000	15.1369
bin_05512	Chr20	1900000	2000000	1950000	15.942
bin_05513	Chr20	2000000	2100000	2050000	18.1159
bin_05514	Chr20	2100000	2200000	2150000	18.8406
bin_05515	Chr20	2200000	2300000	2250000	21.095
bin_05516	Chr20	2300000	2400000	2350000	22.0612
bin_05517	Chr20	2400000	2500000	2450000	23.3494
bin_05518	Chr20	2500000	2600000	2550000	24.1546
bin_05519	Chr20	2600000	2700000	2650000	24.6377
bin_05520	Chr20	2700000	2800000	2750000	24.9597
bin_05521	Chr20	2800000	2900000	2850000	25.2013
bin_05522	Chr20	2900000	3000000	2950000	25.6844
bin_05523	Chr20	3000000	3100000	3050000	26.6506
bin_05524	Chr20	3100000	3200000	3150000	26.9726
bin_05525	Chr20	3200000	3300000	3250000	27.2947
bin_05526	Chr20	3300000	3400000	3350000	27.4557
bin_05527	Chr20	3400000	3500000	3450000	27.6167
bin_05528	Chr20	3500000	3600000	3550000	27.6973
bin_05529	Chr20	3600000	3800000	3700000	27.8583
bin_05530	Chr20	3800000	4200000	4000000	28.0193
bin_05531	Chr20	4200000	4300000	4250000	28.0998
bin_05532	Chr20	4300000	4400000	4350000	28.1804
bin_05533	Chr20	4400000	4500000	4450000	28.2609
bin_05534	Chr20	4500000	4600000	4550000	28.4219
bin_05535	Chr20	4600000	4700000	4650000	28.5829
bin_05536	Chr20	4700000	4800000	4750000	28.8245
bin_05537	Chr20	4800000	4900000	4850000	28.9855
bin_05538	Chr20	4900000	5000000	4950000	29.1465
bin_05539	Chr20	5000000	5300000	5150000	29.3881
bin_05540	Chr20	5300000	5400000	5350000	29.4686
bin_05541	Chr20	5400000	5600000	5500000	29.5491
bin_05542	Chr20	5600000	5900000	5750000	29.6296
bin_05543	Chr20	5900000	6000000	5950000	29.7907
bin_05544	Chr20	6000000	6100000	6050000	29.9517
bin_05545	Chr20	6100000	6900000	6500000	30.1127
bin_05546	Chr20	6900000	7000000	6950000	30.1932
bin_05547	Chr20	7000000	7100000	7050000	30.2738
bin_05548	Chr20	7100000	7300000	7200000	30.3543
bin_05549	Chr20	7300000	7400000	7350000	30.6763
bin_05550	Chr20	7400000	7500000	7450000	30.9984
bin_05551	Chr20	7500000	7600000	7550000	31.4815
bin_05552	Chr20	7600000	7800000	7700000	32.2061
bin_05553	Chr20	7800000	7900000	7850000	32.2866
bin_05554	Chr20	7900000	8200000	8050000	32.4477
bin_05555	Chr20	8200000	8300000	8250000	32.5282
bin_05556	Chr20	8300000	8400000	8350000	32.7697
bin_05557	Chr20	8400000	8600000	8500000	32.8502
bin_05558	Chr20	8600000	8700000	8650000	32.9308
bin_05559	Chr20	8700000	8800000	8750000	33.6554
bin_05560	Chr20	8800000	9200000	9000000	33.8164
bin_05561	Chr20	9200000	9400000	9300000	33.8969
bin_05562	Chr20	9400000	9500000	9450000	34.058
bin_05563	Chr20	9500000	9600000	9550000	34.219
bin_05564	Chr20	9600000	9700000	9650000	34.38
bin_05565	Chr20	9700000	9900000	9800000	34.4605
bin_05566	Chr20	9900000	10000000	9950000	34.6216
bin_05567	Chr20	10000000	10100000	10050000	34.7021
bin_05568	Chr20	10100000	10200000	10150000	34.9436
bin_05569	Chr20	10200000	10400000	10300000	35.0242
bin_05570	Chr20	10400000	10500000	10450000	35.1047
bin_05571	Chr20	10500000	11000000	10750000	35.2657
bin_05572	Chr20	11000000	11100000	11050000	35.5072
bin_05573	Chr20	11100000	11700000	11400000	35.5878
bin_05574	Chr20	11700000	11800000	11750000	35.8293
bin_05575	Chr20	11800000	12300000	12050000	35.9098
bin_05576	Chr20	12300000	12900000	12600000	36.0709
bin_05577	Chr20	12900000	13000000	12950000	36.1514
bin_05578	Chr20	13000000	13200000	13100000	36.2319
bin_05579	Chr20	13200000	13300000	13250000	36.3124
bin_05580	Chr20	13300000	13700000	13500000	36.3929
bin_05581	Chr20	13700000	15300000	14500000	36.4734
bin_05582	Chr20	15300000	15400000	15350000	36.5539
bin_05583	Chr20	15400000	15600000	15500000	36.6345
bin_05584	Chr20	15600000	15800000	15700000	36.715
bin_05585	Chr20	15800000	16000000	15900000	36.7955
bin_05586	Chr20	16000000	16700000	16350000	36.876
bin_05587	Chr20	16700000	28000000	22350000	36.9565
bin_05588	Chr20	28000000	28400000	28200000	37.037
bin_05589	Chr20	28400000	28700000	28550000	37.1176
bin_05590	Chr20	28700000	29400000	29050000	37.1981
bin_05591	Chr20	29400000	31800000	30600000	37.2786
bin_05592	Chr20	31800000	32100000	31950000	37.3591
bin_05593	Chr20	32100000	32300000	32200000	37.4396
bin_05594	Chr20	32300000	32900000	32600000	37.6006
bin_05595	Chr20	32900000	34300000	33600000	37.6812
bin_05596	Chr20	34300000	35000000	34650000	37.7617
bin_05597	Chr20	35000000	35300000	35150000	37.8422
bin_05598	Chr20	35300000	35400000	35350000	37.9227
bin_05599	Chr20	35400000	35700000	35550000	38.0032
bin_05600	Chr20	35700000	36200000	35950000	38.0837
bin_05601	Chr20	36200000	36800000	36500000	38.1643
bin_05602	Chr20	36800000	36900000	36850000	38.2448
bin_05603	Chr20	36900000	37000000	36950000	38.4058
bin_05604	Chr20	37000000	37200000	37100000	38.6473
bin_05605	Chr20	37200000	37300000	37250000	38.8889
bin_05606	Chr20	37300000	37400000	37350000	39.1304
bin_05607	Chr20	37400000	37500000	37450000	39.533
bin_05608	Chr20	37500000	37600000	37550000	39.8551
bin_05609	Chr20	37600000	37700000	37650000	40.0966
bin_05610	Chr20	37700000	37800000	37750000	40.4992
bin_05611	Chr20	37800000	37900000	37850000	40.9823
bin_05612	Chr20	37900000	38000000	37950000	41.6264
bin_05613	Chr20	38000000	38100000	38050000	42.6731
bin_05614	Chr20	38100000	38200000	38150000	44.7665
bin_05615	Chr20	38200000	38300000	38250000	45.2496
bin_05616	Chr20	38300000	38400000	38350000	45.6522
bin_05617	Chr20	38400000	38500000	38450000	46.2158
bin_05618	Chr20	38500000	38600000	38550000	48.2287
bin_05619	Chr20	38600000	38700000	38650000	48.7923
bin_05620	Chr20	38700000	38800000	38750000	50.161
bin_05621	Chr20	38800000	38900000	38850000	52.0129
bin_05622	Chr20	38900000	39000000	38950000	52.657
bin_05623	Chr20	39000000	39100000	39050000	53.1401
bin_05624	Chr20	39100000	39200000	39150000	53.8647
bin_05625	Chr20	39200000	39300000	39250000	55.0725
bin_05626	Chr20	39300000	39400000	39350000	56.6023
bin_05627	Chr20	39400000	39500000	39450000	57.2464
bin_05628	Chr20	39500000	39600000	39550000	57.4879
bin_05629	Chr20	39600000	39700000	39650000	58.9372
bin_05630	Chr20	39700000	39800000	39750000	59.5008
bin_05631	Chr20	39800000	39900000	39850000	60.0644
bin_05632	Chr20	39900000	40000000	39950000	62.1578
bin_05633	Chr20	40000000	40100000	40050000	63.285
bin_05634	Chr20	40100000	40200000	40150000	63.8486
bin_05635	Chr20	40200000	40300000	40250000	64.7343
bin_05636	Chr20	40300000	40400000	40350000	65.1369
bin_05637	Chr20	40400000	40500000	40450000	65.3784
bin_05638	Chr20	40500000	40600000	40550000	66.1031
bin_05639	Chr20	40600000	40700000	40650000	66.9887
bin_05640	Chr20	40700000	40800000	40750000	68.1159
bin_05641	Chr20	40800000	40900000	40850000	68.9211
bin_05642	Chr20	40900000	41000000	40950000	69.8068
bin_05643	Chr20	41000000	41100000	41050000	70.3704
bin_05644	Chr20	41100000	41200000	41150000	71.0145
bin_05645	Chr20	41200000	41300000	41250000	72.4638
bin_05646	Chr20	41300000	41400000	41350000	73.5105
bin_05647	Chr20	41400000	41500000	41450000	74.3156
bin_05648	Chr20	41500000	41600000	41550000	75.0403
bin_05649	Chr20	41600000	41700000	41650000	76.0064
bin_05650	Chr20	41700000	41800000	41750000	76.1675
bin_05651	Chr20	41800000	41900000	41850000	76.3285
bin_05652	Chr20	41900000	42000000	41950000	76.6506
bin_05653	Chr20	42000000	42100000	42050000	77.1337
bin_05654	Chr20	42100000	42200000	42150000	77.6167
bin_05655	Chr20	42200000	42300000	42250000	78.0998
bin_05656	Chr20	42300000	42400000	42350000	78.4219
bin_05657	Chr20	42400000	42500000	42450000	78.8245
bin_05658	Chr20	42500000	42600000	42550000	78.9855
bin_05659	Chr20	42600000	42700000	42650000	79.4686
bin_05660	Chr20	42700000	42800000	42750000	80.1932
bin_05661	Chr20	42800000	42900000	42850000	80.6763
bin_05662	Chr20	42900000	43000000	42950000	80.8374
bin_05663	Chr20	43000000	43100000	43050000	80.9984
bin_05664	Chr20	43100000	43200000	43150000	81.401
bin_05665	Chr20	43200000	43300000	43250000	82.1256
bin_05666	Chr20	43300000	43400000	43350000	82.6892
bin_05667	Chr20	43400000	43500000	43450000	83.3333
bin_05668	Chr20	43500000	43600000	43550000	83.5749
bin_05669	Chr20	43600000	43700000	43650000	84.058
bin_05670	Chr20	43700000	43800000	43750000	84.9436
bin_05671	Chr20	43800000	43900000	43850000	86.3929
bin_05672	Chr20	43900000	44000000	43950000	86.9565
bin_05673	Chr20	44000000	44100000	44050000	87.7617
bin_05674	Chr20	44100000	44200000	44150000	88.3253
bin_05675	Chr20	44200000	44300000	44250000	88.8084
bin_05676	Chr20	44300000	44400000	44350000	89.211
bin_05677	Chr20	44400000	44500000	44450000	90.0966
bin_05678	Chr20	44500000	44600000	44550000	90.4992
bin_05679	Chr20	44600000	44700000	44650000	91.1433
bin_05680	Chr20	44700000	44800000	44750000	91.3849
bin_05681	Chr20	44800000	44900000	44850000	92.029
bin_05682	Chr20	44900000	45000000	44950000	92.7536
bin_05683	Chr20	45000000	45100000	45050000	93.2367
bin_05684	Chr20	45100000	45200000	45150000	94.847
bin_05685	Chr20	45200000	45300000	45250000	95.4911
bin_05686	Chr20	45300000	45400000	45350000	95.9742
bin_05687	Chr20	45400000	45500000	45450000	96.8599
bin_05688	Chr20	45500000	45600000	45550000	97.504
bin_05689	Chr20	45600000	45700000	45650000	98.1481
bin_05690	Chr20	45700000	45800000	45750000	98.6312
bin_05691	Chr20	45800000	45900000	45850000	98.7923
bin_05692	Chr20	45900000	46000000	45950000	99.1948
bin_05693	Chr20	46000000	46100000	46050000	99.9195
bin_05694	Chr20	46100000	46200000	46150000	100.7246
bin_05695	Chr20	46200000	46300000	46250000	101.2077
bin_05696	Chr20	46300000	46400000	46350000	101.7713
bin_05697	Chr20	46400000	46500000	46450000	101.8519
bin_05698	Chr20	46500000	46600000	46550000	102.3349
bin_05699	Chr20	46600000	46700000	46650000	102.7375
bin_05700	Chr20	46700000	46800000	46750000	103.6232
bin_05701	Chr20	46800000	46900000	46850000	104.0258
bin_05702	Chr20	46900000	47000000	46950000	104.4283
bin_05703	Chr20	47000000	47100000	47050000	104.9114
bin_05704	Chr20	47100000	47200000	47150000	105.7971
bin_05705	Chr20	47200000	47300000	47250000	106.6023
bin_05706	Chr20	47300000	47400000	47350000	107.1659
bin_05707	Chr20	47400000	47500000	47450000	107.5684
bin_05708	Chr20	47500000	47600000	47550000	108.2931
bin_05709	Chr20	47600000	47700000	47650000	109.0177
bin_05710	Chr20	47700000	47800000	47750000	109.4203
bin_05711	Chr20	47800000	47900000	47850000	109.5008
bin_05712	Chr20	47900000	48000000	47950000	109.9034
bin_05713	Chr20	48000000	48100000	48050000	110.467
bin_05714	Chr20	48100000	48200000	48150000	111.2721
bin_05715	Chr20	48200000	48300000	48250000	111.3527
bin_05716	Chr20	48300000	48400000	48350000	111.9968
bin_05717	Chr20	48400000	48500000	48450000	112.7214
bin_05718	Chr20	48500000	48600000	48550000	113.8486
bin_05719	Chr20	48600000	48700000	48650000	114.2512
bin_05720	Chr20	48700000	48800000	48750000	114.4122
bin_05721	Chr20	48800000	48900000	48850000	115.0564
bin_05722	Chr20	48900000	49000000	48950000	115.8615
bin_05723	Chr20	49000000	49100000	49050000	116.5862
bin_05724	Chr20	49100000	49200000	49150000	116.7472
bin_05725	Chr20	49200000	49300000	49250000	120.5314
bin_05726	Chr20	49300000	49400000	49350000	120.8535
bin_05727	Chr20	49400000	49600000	49500000	121.4171
bin_05728	Chr20	49600000	49700000	49650000	122.7053
bin_05729	Chr20	49700000	49800000	49750000	123.6715
bin_05730	Chr20	49800000	49900000	49850000	123.752
bin_05731	Chr20	49900000	50000000	49950000	125.2013
bin_05732	Chr20	50000000	50100000	50050000	126.8921
bin_05733	Chr20	50100000	50200000	50150000	127.2947
bin_05734	Chr20	50200000	50300000	50250000	128.5024
bin_05735	Chr20	50300000	50400000	50350000	129.2271
bin_05736	Chr20	50400000	50500000	50450000	129.4686
bin_05737	Chr20	50500000	50600000	50550000	130.5958
bin_05738	Chr20	50600000	50700000	50650000	131.1594
bin_05739	Chr20	50700000	50800000	50750000	131.562
bin_05740	Chr20	50800000	50900000	50850000	132.2061
bin_05741	Chr20	50900000	51000000	50950000	135.9098
bin_05742	Chr20	51000000	51100000	51050000	136.876
bin_05743	Chr20	51100000	51200000	51150000	137.037
bin_05744	Chr20	51200000	51300000	51250000	138.2448
bin_05745	Chr20	51300000	51400000	51350000	138.8084
bin_05746	Chr20	51400000	51500000	51450000	138.9694
bin_05747	Chr20	51500000	51600000	51550000	140.1771
bin_05748	Chr20	51600000	51700000	51650000	140.7407
bin_05749	Chr20	51700000	51800000	51750000	141.1433
bin_05750	Chr20	51800000	51900000	51850000	141.7069
bin_05751	Chr20	51900000	52000000	51950000	142.2705
bin_05752	Chr20	52000000	52100000	52050000	143.6393
bin_05753	Chr20	52100000	52200000	52150000	144.686
bin_05754	Chr20	52200000	52284028	52242014	145.4106
